FIPS,Name,State,county_lower
1001,Autauga,AL,autauga
1003,Baldwin,AL,baldwin
1005,Barbour,AL,barbour
1007,Bibb,AL,bibb
1009,Blount,AL,blount
1011,Bullock,AL,bullock
1013,Butler,AL,butler
1015,Calhoun,AL,calhoun
1017,Chambers,AL,chambers
1019,Cherokee,AL,cherokee
1021,Chilton,AL,chilton
1023,Choctaw,AL,choctaw
1025,Clarke,AL,clarke
1027,Clay,AL,clay
1029,Cleburne,AL,cleburne
1031,Coffee,AL,coffee
1033,Colbert,AL,colbert
1035,Conecuh,AL,conecuh
1037,Coosa,AL,coosa
1039,Covington,AL,covington
1041,Crenshaw,AL,crenshaw
1043,Cullman,AL,cullman
1045,Dale,AL,dale
1047,Dallas,AL,dallas
1049,De Kalb,AL,dekalb
1051,Elmore,AL,elmore
1053,Escambia,AL,escambia
1055,Etowah,AL,etowah
1057,Fayette,AL,fayette
1059,Franklin,AL,franklin
1061,Geneva,AL,geneva
1063,Greene,AL,greene
1065,Hale,AL,hale
1067,Henry,AL,henry
1069,Houston,AL,houston
1071,Jackson,AL,jackson
1073,Jefferson,AL,jefferson
1075,Lamar,AL,lamar
1077,Lauderdale,AL,lauderdale
1079,Lawrence,AL,lawrence
1081,Lee,AL,lee
1083,Limestone,AL,limestone
1085,Lowndes,AL,lowndes
1087,Macon,AL,macon
1089,Madison,AL,madison
1091,Marengo,AL,marengo
1093,Marion,AL,marion
1095,Marshall,AL,marshall
1097,Mobile,AL,mobile
1099,Monroe,AL,monroe
1101,Montgomery,AL,montgomery
1103,Morgan,AL,morgan
1105,Perry,AL,perry
1107,Pickens,AL,pickens
1109,Pike,AL,pike
1111,Randolph,AL,randolph
1113,Russell,AL,russell
1115,St Clair,AL,stclair
1117,Shelby,AL,shelby
1119,Sumter,AL,sumter
1121,Talladega,AL,talladega
1123,Tallapoosa,AL,tallapoosa
1125,Tuscaloosa,AL,tuscaloosa
1127,Walker,AL,walker
1129,Washington,AL,washington
1131,Wilcox,AL,wilcox
1133,Winston,AL,winston
2013,Aleutians East,AK,aleutianseast
2016,Aleutians West,AK,aleutianswest
2020,Anchorage,AK,anchorage
2050,Bethel,AK,bethel
2060,Bristol Bay,AK,bristolbay
2068,Denali,AK,denali
2070,Dillingham,AK,dillingham
2090,Fairbanks North Star,AK,fairbanksnorthstar
2100,Haines,AK,haines
2110,Juneau,AK,juneau
2122,Kenai Peninsula,AK,kenaipeninsula
2130,Ketchikan Gateway,AK,ketchikangateway
2150,Kodiak Island,AK,kodiakisland
2164,Lake and Peninsula,AK,lakeandpeninsula
2170,Matanuska-Susitna,AK,matanuska-susitna
2180,Nome,AK,nome
2185,North Slope,AK,northslope
2188,Northwest Arctic,AK,northwestarctic
2201,Prince of Wales-Outer Ketchikan,AK,princeofwales-outerketchikan
2220,Sitka,AK,sitka
2232,Skagway-Hoonah-Angoon,AK,skagway-hoonah-angoon
2240,Southeast Fairbanks,AK,southeastfairbanks
2261,Valdez-Cordova,AK,valdez-cordova
2270,Wade Hampton,AK,wadehampton
2280,Wrangell-Petersburg,AK,wrangell-petersburg
2282,Yakutat,AK,yakutat
2290,Yukon-Koyukuk,AK,yukon-koyukuk
4001,Apache,AZ,apache
4003,Cochise,AZ,cochise
4005,Coconino,AZ,coconino
4007,Gila,AZ,gila
4009,Graham,AZ,graham
4011,Greenlee,AZ,greenlee
4012,La Paz,AZ,lapaz
4013,Maricopa,AZ,maricopa
4015,Mohave,AZ,mohave
4017,Navajo,AZ,navajo
4019,Pima,AZ,pima
4021,Pinal,AZ,pinal
4023,Santa Cruz,AZ,santacruz
4025,Yavapai,AZ,yavapai
4027,Yuma,AZ,yuma
5001,Arkansas,AR,arkansas
5003,Ashley,AR,ashley
5005,Baxter,AR,baxter
5007,Benton,AR,benton
5009,Boone,AR,boone
5011,Bradley,AR,bradley
5013,Calhoun,AR,calhoun
5015,Carroll,AR,carroll
5017,Chicot,AR,chicot
5019,Clark,AR,clark
5021,Clay,AR,clay
5023,Cleburne,AR,cleburne
5025,Cleveland,AR,cleveland
5027,Columbia,AR,columbia
5029,Conway,AR,conway
5031,Craighead,AR,craighead
5033,Crawford,AR,crawford
5035,Crittenden,AR,crittenden
5037,Cross,AR,cross
5039,Dallas,AR,dallas
5041,Desha,AR,desha
5043,Drew,AR,drew
5045,Faulkner,AR,faulkner
5047,Franklin,AR,franklin
5049,Fulton,AR,fulton
5051,Garland,AR,garland
5053,Grant,AR,grant
5055,Greene,AR,greene
5057,Hempstead,AR,hempstead
5059,Hot Spring,AR,hotspring
5061,Howard,AR,howard
5063,Independence,AR,independence
5065,Izard,AR,izard
5067,Jackson,AR,jackson
5069,Jefferson,AR,jefferson
5071,Johnson,AR,johnson
5073,Lafayette,AR,lafayette
5075,Lawrence,AR,lawrence
5077,Lee,AR,lee
5079,Lincoln,AR,lincoln
5081,Little River,AR,littleriver
5083,Logan,AR,logan
5085,Lonoke,AR,lonoke
5087,Madison,AR,madison
5089,Marion,AR,marion
5091,Miller,AR,miller
5093,Mississippi,AR,mississippi
5095,Monroe,AR,monroe
5097,Montgomery,AR,montgomery
5099,Nevada,AR,nevada
5101,Newton,AR,newton
5103,Ouachita,AR,ouachita
5105,Perry,AR,perry
5107,Phillips,AR,phillips
5109,Pike,AR,pike
5111,Poinsett,AR,poinsett
5113,Polk,AR,polk
5115,Pope,AR,pope
5117,Prairie,AR,prairie
5119,Pulaski,AR,pulaski
5121,Randolph,AR,randolph
5123,St Francis,AR,stfrancis
5125,Saline,AR,saline
5127,Scott,AR,scott
5129,Searcy,AR,searcy
5131,Sebastian,AR,sebastian
5133,Sevier,AR,sevier
5135,Sharp,AR,sharp
5137,Stone,AR,stone
5139,Union,AR,union
5141,Van Buren,AR,vanburen
5143,Washington,AR,washington
5145,White,AR,white
5147,Woodruff,AR,woodruff
5149,Yell,AR,yell
6001,Alameda,CA,alameda
6003,Alpine,CA,alpine
6005,Amador,CA,amador
6007,Butte,CA,butte
6009,Calaveras,CA,calaveras
6011,Colusa,CA,colusa
6013,Contra Costa,CA,contracosta
6015,Del Norte,CA,delnorte
6017,El Dorado,CA,eldorado
6019,Fresno,CA,fresno
6021,Glenn,CA,glenn
6023,Humboldt,CA,humboldt
6025,Imperial,CA,imperial
6027,Inyo,CA,inyo
6029,Kern,CA,kern
6031,Kings,CA,kings
6033,Lake,CA,lake
6035,Lassen,CA,lassen
6037,Los Angeles,CA,losangeles
6039,Madera,CA,madera
6041,Marin,CA,marin
6043,Mariposa,CA,mariposa
6045,Mendocino,CA,mendocino
6047,Merced,CA,merced
6049,Modoc,CA,modoc
6051,Mono,CA,mono
6053,Monterey,CA,monterey
6055,Napa,CA,napa
6057,Nevada,CA,nevada
6059,Orange,CA,orange
6061,Placer,CA,placer
6063,Plumas,CA,plumas
6065,Riverside,CA,riverside
6067,Sacramento,CA,sacramento
6069,San Benito,CA,sanbenito
6071,San Bernardino,CA,sanbernardino
6073,San Diego,CA,sandiego
6075,San Francisco,CA,sanfrancisco
6077,San Joaquin,CA,sanjoaquin
6079,San Luis Obispo,CA,sanluisobispo
6081,San Mateo,CA,sanmateo
6083,Santa Barbara,CA,santabarbara
6085,Santa Clara,CA,santaclara
6087,Santa Cruz,CA,santacruz
6089,Shasta,CA,shasta
6091,Sierra,CA,sierra
6093,Siskiyou,CA,siskiyou
6095,Solano,CA,solano
6097,Sonoma,CA,sonoma
6099,Stanislaus,CA,stanislaus
6101,Sutter,CA,sutter
6103,Tehama,CA,tehama
6105,Trinity,CA,trinity
6107,Tulare,CA,tulare
6109,Tuolumne,CA,tuolumne
6111,Ventura,CA,ventura
6113,Yolo,CA,yolo
6115,Yuba,CA,yuba
8001,Adams,CO,adams
8003,Alamosa,CO,alamosa
8005,Arapahoe,CO,arapahoe
8007,Archuleta,CO,archuleta
8009,Baca,CO,baca
8011,Bent,CO,bent
8013,Boulder,CO,boulder
8015,Chaffee,CO,chaffee
8017,Cheyenne,CO,cheyenne
8019,Clear Creek,CO,clearcreek
8021,Conejos,CO,conejos
8023,Costilla,CO,costilla
8025,Crowley,CO,crowley
8027,Custer,CO,custer
8029,Delta,CO,delta
8031,Denver,CO,denver
8033,Dolores,CO,dolores
8035,Douglas,CO,douglas
8037,Eagle,CO,eagle
8039,Elbert,CO,elbert
8041,El Paso,CO,elpaso
8043,Fremont,CO,fremont
8045,Garfield,CO,garfield
8047,Gilpin,CO,gilpin
8049,Grand,CO,grand
8051,Gunnison,CO,gunnison
8053,Hinsdale,CO,hinsdale
8055,Huerfano,CO,huerfano
8057,Jackson,CO,jackson
8059,Jefferson,CO,jefferson
8061,Kiowa,CO,kiowa
8063,Kit Carson,CO,kitcarson
8065,Lake,CO,lake
8067,La Plata,CO,laplata
8069,Larimer,CO,larimer
8071,Las Animas,CO,lasanimas
8073,Lincoln,CO,lincoln
8075,Logan,CO,logan
8077,Mesa,CO,mesa
8079,Mineral,CO,mineral
8081,Moffat,CO,moffat
8083,Montezuma,CO,montezuma
8085,Montrose,CO,montrose
8087,Morgan,CO,morgan
8089,Otero,CO,otero
8091,Ouray,CO,ouray
8093,Park,CO,park
8095,Phillips,CO,phillips
8097,Pitkin,CO,pitkin
8099,Prowers,CO,prowers
8101,Pueblo,CO,pueblo
8103,Rio Blanco,CO,rioblanco
8105,Rio Grande,CO,riogrande
8107,Routt,CO,routt
8109,Saguache,CO,saguache
8111,San Juan,CO,sanjuan
8113,San Miguel,CO,sanmiguel
8115,Sedgwick,CO,sedgwick
8117,Summit,CO,summit
8119,Teller,CO,teller
8121,Washington,CO,washington
8123,Weld,CO,weld
8125,Yuma,CO,yuma
9001,Fairfield,CT,fairfield
9003,Hartford,CT,hartford
9005,Litchfield,CT,litchfield
9007,Middlesex,CT,middlesex
9009,New Haven,CT,newhaven
9011,New London,CT,newlondon
9013,Tolland,CT,tolland
9015,Windham,CT,windham
10001,Kent,DE,kent
10003,New Castle,DE,newcastle
10005,Sussex,DE,sussex
11001,Washington,DC,washington
12001,Alachua,FL,alachua
12003,Baker,FL,baker
12005,Bay,FL,bay
12007,Bradford,FL,bradford
12009,Brevard,FL,brevard
12011,Broward,FL,broward
12013,Calhoun,FL,calhoun
12015,Charlotte,FL,charlotte
12017,Citrus,FL,citrus
12019,Clay,FL,clay
12021,Collier,FL,collier
12023,Columbia,FL,columbia
12025,Dade,FL,dade
12027,De Soto,FL,desoto
12029,Dixie,FL,dixie
12031,Duval,FL,duval
12033,Escambia,FL,escambia
12035,Flagler,FL,flagler
12037,Franklin,FL,franklin
12039,Gadsden,FL,gadsden
12041,Gilchrist,FL,gilchrist
12043,Glades,FL,glades
12045,Gulf,FL,gulf
12047,Hamilton,FL,hamilton
12049,Hardee,FL,hardee
12051,Hendry,FL,hendry
12053,Hernando,FL,hernando
12055,Highlands,FL,highlands
12057,Hillsborough,FL,hillsborough
12059,Holmes,FL,holmes
12061,Indian River,FL,indianriver
12063,Jackson,FL,jackson
12065,Jefferson,FL,jefferson
12067,Lafayette,FL,lafayette
12069,Lake,FL,lake
12071,Lee,FL,lee
12073,Leon,FL,leon
12075,Levy,FL,levy
12077,Liberty,FL,liberty
12079,Madison,FL,madison
12081,Manatee,FL,manatee
12083,Marion,FL,marion
12085,Martin,FL,martin
12087,Monroe,FL,monroe
12089,Nassau,FL,nassau
12091,Okaloosa,FL,okaloosa
12093,Okeechobee,FL,okeechobee
12095,Orange,FL,orange
12097,Osceola,FL,osceola
12099,Palm Beach,FL,palmbeach
12101,Pasco,FL,pasco
12103,Pinellas,FL,pinellas
12105,Polk,FL,polk
12107,Putnam,FL,putnam
12109,St Johns,FL,stjohns
12111,St Lucie,FL,stlucie
12113,Santa Rosa,FL,santarosa
12115,Sarasota,FL,sarasota
12117,Seminole,FL,seminole
12119,Sumter,FL,sumter
12121,Suwannee,FL,suwannee
12123,Taylor,FL,taylor
12125,Union,FL,union
12127,Volusia,FL,volusia
12129,Wakulla,FL,wakulla
12131,Walton,FL,walton
12133,Washington,FL,washington
13001,Appling,GA,appling
13003,Atkinson,GA,atkinson
13005,Bacon,GA,bacon
13007,Baker,GA,baker
13009,Baldwin,GA,baldwin
13011,Banks,GA,banks
13013,Barrow,GA,barrow
13015,Bartow,GA,bartow
13017,Ben Hill,GA,benhill
13019,Berrien,GA,berrien
13021,Bibb,GA,bibb
13023,Bleckley,GA,bleckley
13025,Brantley,GA,brantley
13027,Brooks,GA,brooks
13029,Bryan,GA,bryan
13031,Bulloch,GA,bulloch
13033,Burke,GA,burke
13035,Butts,GA,butts
13037,Calhoun,GA,calhoun
13039,Camden,GA,camden
13043,Candler,GA,candler
13045,Carroll,GA,carroll
13047,Catoosa,GA,catoosa
13049,Charlton,GA,charlton
13051,Chatham,GA,chatham
13053,Chattahoochee,GA,chattahoochee
13055,Chattooga,GA,chattooga
13057,Cherokee,GA,cherokee
13059,Clarke,GA,clarke
13061,Clay,GA,clay
13063,Clayton,GA,clayton
13065,Clinch,GA,clinch
13067,Cobb,GA,cobb
13069,Coffee,GA,coffee
13071,Colquitt,GA,colquitt
13073,Columbia,GA,columbia
13075,Cook,GA,cook
13077,Coweta,GA,coweta
13079,Crawford,GA,crawford
13081,Crisp,GA,crisp
13083,Dade,GA,dade
13085,Dawson,GA,dawson
13087,Decatur,GA,decatur
13089,De Kalb,GA,dekalb
13091,Dodge,GA,dodge
13093,Dooly,GA,dooly
13095,Dougherty,GA,dougherty
13097,Douglas,GA,douglas
13099,Early,GA,early
13101,Echols,GA,echols
13103,Effingham,GA,effingham
13105,Elbert,GA,elbert
13107,Emanuel,GA,emanuel
13109,Evans,GA,evans
13111,Fannin,GA,fannin
13113,Fayette,GA,fayette
13115,Floyd,GA,floyd
13117,Forsyth,GA,forsyth
13119,Franklin,GA,franklin
13121,Fulton,GA,fulton
13123,Gilmer,GA,gilmer
13125,Glascock,GA,glascock
13127,Glynn,GA,glynn
13129,Gordon,GA,gordon
13131,Grady,GA,grady
13133,Greene,GA,greene
13135,Gwinnett,GA,gwinnett
13137,Habersham,GA,habersham
13139,Hall,GA,hall
13141,Hancock,GA,hancock
13143,Haralson,GA,haralson
13145,Harris,GA,harris
13147,Hart,GA,hart
13149,Heard,GA,heard
13151,Henry,GA,henry
13153,Houston,GA,houston
13155,Irwin,GA,irwin
13157,Jackson,GA,jackson
13159,Jasper,GA,jasper
13161,Jeff Davis,GA,jeffdavis
13163,Jefferson,GA,jefferson
13165,Jenkins,GA,jenkins
13167,Johnson,GA,johnson
13169,Jones,GA,jones
13171,Lamar,GA,lamar
13173,Lanier,GA,lanier
13175,Laurens,GA,laurens
13177,Lee,GA,lee
13179,Liberty,GA,liberty
13181,Lincoln,GA,lincoln
13183,Long,GA,long
13185,Lowndes,GA,lowndes
13187,Lumpkin,GA,lumpkin
13189,McDuffie,GA,mcduffie
13191,McIntosh,GA,mcintosh
13193,Macon,GA,macon
13195,Madison,GA,madison
13197,Marion,GA,marion
13199,Meriwether,GA,meriwether
13201,Miller,GA,miller
13205,Mitchell,GA,mitchell
13207,Monroe,GA,monroe
13209,Montgomery,GA,montgomery
13211,Morgan,GA,morgan
13213,Murray,GA,murray
13215,Muscogee,GA,muscogee
13217,Newton,GA,newton
13219,Oconee,GA,oconee
13221,Oglethorpe,GA,oglethorpe
13223,Paulding,GA,paulding
13225,Peach,GA,peach
13227,Pickens,GA,pickens
13229,Pierce,GA,pierce
13231,Pike,GA,pike
13233,Polk,GA,polk
13235,Pulaski,GA,pulaski
13237,Putnam,GA,putnam
13239,Quitman,GA,quitman
13241,Rabun,GA,rabun
13243,Randolph,GA,randolph
13245,Richmond,GA,richmond
13247,Rockdale,GA,rockdale
13249,Schley,GA,schley
13251,Screven,GA,screven
13253,Seminole,GA,seminole
13255,Spalding,GA,spalding
13257,Stephens,GA,stephens
13259,Stewart,GA,stewart
13261,Sumter,GA,sumter
13263,Talbot,GA,talbot
13265,Taliaferro,GA,taliaferro
13267,Tattnall,GA,tattnall
13269,Taylor,GA,taylor
13271,Telfair,GA,telfair
13273,Terrell,GA,terrell
13275,Thomas,GA,thomas
13277,Tift,GA,tift
13279,Toombs,GA,toombs
13281,Towns,GA,towns
13283,Treutlen,GA,treutlen
13285,Troup,GA,troup
13287,Turner,GA,turner
13289,Twiggs,GA,twiggs
13291,Union,GA,union
13293,Upson,GA,upson
13295,Walker,GA,walker
13297,Walton,GA,walton
13299,Ware,GA,ware
13301,Warren,GA,warren
13303,Washington,GA,washington
13305,Wayne,GA,wayne
13307,Webster,GA,webster
13309,Wheeler,GA,wheeler
13311,White,GA,white
13313,Whitfield,GA,whitfield
13315,Wilcox,GA,wilcox
13317,Wilkes,GA,wilkes
13319,Wilkinson,GA,wilkinson
13321,Worth,GA,worth
15001,Hawaii,HI,hawaii
15003,Honolulu,HI,honolulu
15007,Kauai,HI,kauai
15009,Maui,HI,maui
16001,Ada,ID,ada
16003,Adams,ID,adams
16005,Bannock,ID,bannock
16007,Bear Lake,ID,bearlake
16009,Benewah,ID,benewah
16011,Bingham,ID,bingham
16013,Blaine,ID,blaine
16015,Boise,ID,boise
16017,Bonner,ID,bonner
16019,Bonneville,ID,bonneville
16021,Boundary,ID,boundary
16023,Butte,ID,butte
16025,Camas,ID,camas
16027,Canyon,ID,canyon
16029,Caribou,ID,caribou
16031,Cassia,ID,cassia
16033,Clark,ID,clark
16035,Clearwater,ID,clearwater
16037,Custer,ID,custer
16039,Elmore,ID,elmore
16041,Franklin,ID,franklin
16043,Fremont,ID,fremont
16045,Gem,ID,gem
16047,Gooding,ID,gooding
16049,Idaho,ID,idaho
16051,Jefferson,ID,jefferson
16053,Jerome,ID,jerome
16055,Kootenai,ID,kootenai
16057,Latah,ID,latah
16059,Lemhi,ID,lemhi
16061,Lewis,ID,lewis
16063,Lincoln,ID,lincoln
16065,Madison,ID,madison
16067,Minidoka,ID,minidoka
16069,Nez Perce,ID,nezperce
16071,Oneida,ID,oneida
16073,Owyhee,ID,owyhee
16075,Payette,ID,payette
16077,Power,ID,power
16079,Shoshone,ID,shoshone
16081,Teton,ID,teton
16083,Twin Falls,ID,twinfalls
16085,Valley,ID,valley
16087,Washington,ID,washington
17001,Adams,IL,adams
17003,Alexander,IL,alexander
17005,Bond,IL,bond
17007,Boone,IL,boone
17009,Brown,IL,brown
17011,Bureau,IL,bureau
17013,Calhoun,IL,calhoun
17015,Carroll,IL,carroll
17017,Cass,IL,cass
17019,Champaign,IL,champaign
17021,Christian,IL,christian
17023,Clark,IL,clark
17025,Clay,IL,clay
17027,Clinton,IL,clinton
17029,Coles,IL,coles
17031,Cook,IL,cook
17033,Crawford,IL,crawford
17035,Cumberland,IL,cumberland
17037,De Kalb,IL,dekalb
17039,De Witt,IL,dewitt
17041,Douglas,IL,douglas
17043,Du Page,IL,dupage
17045,Edgar,IL,edgar
17047,Edwards,IL,edwards
17049,Effingham,IL,effingham
17051,Fayette,IL,fayette
17053,Ford,IL,ford
17055,Franklin,IL,franklin
17057,Fulton,IL,fulton
17059,Gallatin,IL,gallatin
17061,Greene,IL,greene
17063,Grundy,IL,grundy
17065,Hamilton,IL,hamilton
17067,Hancock,IL,hancock
17069,Hardin,IL,hardin
17071,Henderson,IL,henderson
17073,Henry,IL,henry
17075,Iroquois,IL,iroquois
17077,Jackson,IL,jackson
17079,Jasper,IL,jasper
17081,Jefferson,IL,jefferson
17083,Jersey,IL,jersey
17085,Jo Daviess,IL,jodaviess
17087,Johnson,IL,johnson
17089,Kane,IL,kane
17091,Kankakee,IL,kankakee
17093,Kendall,IL,kendall
17095,Knox,IL,knox
17097,Lake,IL,lake
17099,La Salle,IL,lasalle
17101,Lawrence,IL,lawrence
17103,Lee,IL,lee
17105,Livingston,IL,livingston
17107,Logan,IL,logan
17109,McDonough,IL,mcdonough
17111,McHenry,IL,mchenry
17113,McLean,IL,mclean
17115,Macon,IL,macon
17117,Macoupin,IL,macoupin
17119,Madison,IL,madison
17121,Marion,IL,marion
17123,Marshall,IL,marshall
17125,Mason,IL,mason
17127,Massac,IL,massac
17129,Menard,IL,menard
17131,Mercer,IL,mercer
17133,Monroe,IL,monroe
17135,Montgomery,IL,montgomery
17137,Morgan,IL,morgan
17139,Moultrie,IL,moultrie
17141,Ogle,IL,ogle
17143,Peoria,IL,peoria
17145,Perry,IL,perry
17147,Piatt,IL,piatt
17149,Pike,IL,pike
17151,Pope,IL,pope
17153,Pulaski,IL,pulaski
17155,Putnam,IL,putnam
17157,Randolph,IL,randolph
17159,Richland,IL,richland
17161,Rock Island,IL,rockisland
17163,St Clair,IL,stclair
17165,Saline,IL,saline
17167,Sangamon,IL,sangamon
17169,Schuyler,IL,schuyler
17171,Scott,IL,scott
17173,Shelby,IL,shelby
17175,Stark,IL,stark
17177,Stephenson,IL,stephenson
17179,Tazewell,IL,tazewell
17181,Union,IL,union
17183,Vermilion,IL,vermilion
17185,Wabash,IL,wabash
17187,Warren,IL,warren
17189,Washington,IL,washington
17191,Wayne,IL,wayne
17193,White,IL,white
17195,Whiteside,IL,whiteside
17197,Will,IL,will
17199,Williamson,IL,williamson
17201,Winnebago,IL,winnebago
17203,Woodford,IL,woodford
18001,Adams,IN,adams
18003,Allen,IN,allen
18005,Bartholomew,IN,bartholomew
18007,Benton,IN,benton
18009,Blackford,IN,blackford
18011,Boone,IN,boone
18013,Brown,IN,brown
18015,Carroll,IN,carroll
18017,Cass,IN,cass
18019,Clark,IN,clark
18021,Clay,IN,clay
18023,Clinton,IN,clinton
18025,Crawford,IN,crawford
18027,Daviess,IN,daviess
18029,Dearborn,IN,dearborn
18031,Decatur,IN,decatur
18033,De Kalb,IN,dekalb
18035,Delaware,IN,delaware
18037,Dubois,IN,dubois
18039,Elkhart,IN,elkhart
18041,Fayette,IN,fayette
18043,Floyd,IN,floyd
18045,Fountain,IN,fountain
18047,Franklin,IN,franklin
18049,Fulton,IN,fulton
18051,Gibson,IN,gibson
18053,Grant,IN,grant
18055,Greene,IN,greene
18057,Hamilton,IN,hamilton
18059,Hancock,IN,hancock
18061,Harrison,IN,harrison
18063,Hendricks,IN,hendricks
18065,Henry,IN,henry
18067,Howard,IN,howard
18069,Huntington,IN,huntington
18071,Jackson,IN,jackson
18073,Jasper,IN,jasper
18075,Jay,IN,jay
18077,Jefferson,IN,jefferson
18079,Jennings,IN,jennings
18081,Johnson,IN,johnson
18083,Knox,IN,knox
18085,Kosciusko,IN,kosciusko
18087,La Grange,IN,lagrange
18089,Lake,IN,lake
18091,La Porte,IN,laporte
18093,Lawrence,IN,lawrence
18095,Madison,IN,madison
18097,Marion,IN,marion
18099,Marshall,IN,marshall
18101,Martin,IN,martin
18103,Miami,IN,miami
18105,Monroe,IN,monroe
18107,Montgomery,IN,montgomery
18109,Morgan,IN,morgan
18111,Newton,IN,newton
18113,Noble,IN,noble
18115,Ohio,IN,ohio
18117,Orange,IN,orange
18119,Owen,IN,owen
18121,Parke,IN,parke
18123,Perry,IN,perry
18125,Pike,IN,pike
18127,Porter,IN,porter
18129,Posey,IN,posey
18131,Pulaski,IN,pulaski
18133,Putnam,IN,putnam
18135,Randolph,IN,randolph
18137,Ripley,IN,ripley
18139,Rush,IN,rush
18141,St Joseph,IN,stjoseph
18143,Scott,IN,scott
18145,Shelby,IN,shelby
18147,Spencer,IN,spencer
18149,Starke,IN,starke
18151,Steuben,IN,steuben
18153,Sullivan,IN,sullivan
18155,Switzerland,IN,switzerland
18157,Tippecanoe,IN,tippecanoe
18159,Tipton,IN,tipton
18161,Union,IN,union
18163,Vanderburgh,IN,vanderburgh
18165,Vermillion,IN,vermillion
18167,Vigo,IN,vigo
18169,Wabash,IN,wabash
18171,Warren,IN,warren
18173,Warrick,IN,warrick
18175,Washington,IN,washington
18177,Wayne,IN,wayne
18179,Wells,IN,wells
18181,White,IN,white
18183,Whitley,IN,whitley
19001,Adair,IA,adair
19003,Adams,IA,adams
19005,Allamakee,IA,allamakee
19007,Appanoose,IA,appanoose
19009,Audubon,IA,audubon
19011,Benton,IA,benton
19013,Black Hawk,IA,blackhawk
19015,Boone,IA,boone
19017,Bremer,IA,bremer
19019,Buchanan,IA,buchanan
19021,Buena Vista,IA,buenavista
19023,Butler,IA,butler
19025,Calhoun,IA,calhoun
19027,Carroll,IA,carroll
19029,Cass,IA,cass
19031,Cedar,IA,cedar
19033,Cerro Gordo,IA,cerrogordo
19035,Cherokee,IA,cherokee
19037,Chickasaw,IA,chickasaw
19039,Clarke,IA,clarke
19041,Clay,IA,clay
19043,Clayton,IA,clayton
19045,Clinton,IA,clinton
19047,Crawford,IA,crawford
19049,Dallas,IA,dallas
19051,Davis,IA,davis
19053,Decatur,IA,decatur
19055,Delaware,IA,delaware
19057,Des Moines,IA,desmoines
19059,Dickinson,IA,dickinson
19061,Dubuque,IA,dubuque
19063,Emmet,IA,emmet
19065,Fayette,IA,fayette
19067,Floyd,IA,floyd
19069,Franklin,IA,franklin
19071,Fremont,IA,fremont
19073,Greene,IA,greene
19075,Grundy,IA,grundy
19077,Guthrie,IA,guthrie
19079,Hamilton,IA,hamilton
19081,Hancock,IA,hancock
19083,Hardin,IA,hardin
19085,Harrison,IA,harrison
19087,Henry,IA,henry
19089,Howard,IA,howard
19091,Humboldt,IA,humboldt
19093,Ida,IA,ida
19095,Iowa,IA,iowa
19097,Jackson,IA,jackson
19099,Jasper,IA,jasper
19101,Jefferson,IA,jefferson
19103,Johnson,IA,johnson
19105,Jones,IA,jones
19107,Keokuk,IA,keokuk
19109,Kossuth,IA,kossuth
19111,Lee,IA,lee
19113,Linn,IA,linn
19115,Louisa,IA,louisa
19117,Lucas,IA,lucas
19119,Lyon,IA,lyon
19121,Madison,IA,madison
19123,Mahaska,IA,mahaska
19125,Marion,IA,marion
19127,Marshall,IA,marshall
19129,Mills,IA,mills
19131,Mitchell,IA,mitchell
19133,Monona,IA,monona
19135,Monroe,IA,monroe
19137,Montgomery,IA,montgomery
19139,Muscatine,IA,muscatine
19141,O Brien,IA,obrien
19143,Osceola,IA,osceola
19145,Page,IA,page
19147,Palo Alto,IA,paloalto
19149,Plymouth,IA,plymouth
19151,Pocahontas,IA,pocahontas
19153,Polk,IA,polk
19155,Pottawattamie,IA,pottawattamie
19157,Poweshiek,IA,poweshiek
19159,Ringgold,IA,ringgold
19161,Sac,IA,sac
19163,Scott,IA,scott
19165,Shelby,IA,shelby
19167,Sioux,IA,sioux
19169,Story,IA,story
19171,Tama,IA,tama
19173,Taylor,IA,taylor
19175,Union,IA,union
19177,Van Buren,IA,vanburen
19179,Wapello,IA,wapello
19181,Warren,IA,warren
19183,Washington,IA,washington
19185,Wayne,IA,wayne
19187,Webster,IA,webster
19189,Winnebago,IA,winnebago
19191,Winneshiek,IA,winneshiek
19193,Woodbury,IA,woodbury
19195,Worth,IA,worth
19197,Wright,IA,wright
20001,Allen,KS,allen
20003,Anderson,KS,anderson
20005,Atchison,KS,atchison
20007,Barber,KS,barber
20009,Barton,KS,barton
20011,Bourbon,KS,bourbon
20013,Brown,KS,brown
20015,Butler,KS,butler
20017,Chase,KS,chase
20019,Chautauqua,KS,chautauqua
20021,Cherokee,KS,cherokee
20023,Cheyenne,KS,cheyenne
20025,Clark,KS,clark
20027,Clay,KS,clay
20029,Cloud,KS,cloud
20031,Coffey,KS,coffey
20033,Comanche,KS,comanche
20035,Cowley,KS,cowley
20037,Crawford,KS,crawford
20039,Decatur,KS,decatur
20041,Dickinson,KS,dickinson
20043,Doniphan,KS,doniphan
20045,Douglas,KS,douglas
20047,Edwards,KS,edwards
20049,Elk,KS,elk
20051,Ellis,KS,ellis
20053,Ellsworth,KS,ellsworth
20055,Finney,KS,finney
20057,Ford,KS,ford
20059,Franklin,KS,franklin
20061,Geary,KS,geary
20063,Gove,KS,gove
20065,Graham,KS,graham
20067,Grant,KS,grant
20069,Gray,KS,gray
20071,Greeley,KS,greeley
20073,Greenwood,KS,greenwood
20075,Hamilton,KS,hamilton
20077,Harper,KS,harper
20079,Harvey,KS,harvey
20081,Haskell,KS,haskell
20083,Hodgeman,KS,hodgeman
20085,Jackson,KS,jackson
20087,Jefferson,KS,jefferson
20089,Jewell,KS,jewell
20091,Johnson,KS,johnson
20093,Kearny,KS,kearny
20095,Kingman,KS,kingman
20097,Kiowa,KS,kiowa
20099,Labette,KS,labette
20101,Lane,KS,lane
20103,Leavenworth,KS,leavenworth
20105,Lincoln,KS,lincoln
20107,Linn,KS,linn
20109,Logan,KS,logan
20111,Lyon,KS,lyon
20113,McPherson,KS,mcpherson
20115,Marion,KS,marion
20117,Marshall,KS,marshall
20119,Meade,KS,meade
20121,Miami,KS,miami
20123,Mitchell,KS,mitchell
20125,Montgomery,KS,montgomery
20127,Morris,KS,morris
20129,Morton,KS,morton
20131,Nemaha,KS,nemaha
20133,Neosho,KS,neosho
20135,Ness,KS,ness
20137,Norton,KS,norton
20139,Osage,KS,osage
20141,Osborne,KS,osborne
20143,Ottawa,KS,ottawa
20145,Pawnee,KS,pawnee
20147,Phillips,KS,phillips
20149,Pottawatomie,KS,pottawatomie
20151,Pratt,KS,pratt
20153,Rawlins,KS,rawlins
20155,Reno,KS,reno
20157,Republic,KS,republic
20159,Rice,KS,rice
20161,Riley,KS,riley
20163,Rooks,KS,rooks
20165,Rush,KS,rush
20167,Russell,KS,russell
20169,Saline,KS,saline
20171,Scott,KS,scott
20173,Sedgwick,KS,sedgwick
20175,Seward,KS,seward
20177,Shawnee,KS,shawnee
20179,Sheridan,KS,sheridan
20181,Sherman,KS,sherman
20183,Smith,KS,smith
20185,Stafford,KS,stafford
20187,Stanton,KS,stanton
20189,Stevens,KS,stevens
20191,Sumner,KS,sumner
20193,Thomas,KS,thomas
20195,Trego,KS,trego
20197,Wabaunsee,KS,wabaunsee
20199,Wallace,KS,wallace
20201,Washington,KS,washington
20203,Wichita,KS,wichita
20205,Wilson,KS,wilson
20207,Woodson,KS,woodson
20209,Wyandotte,KS,wyandotte
21001,Adair,KY,adair
21003,Allen,KY,allen
21005,Anderson,KY,anderson
21007,Ballard,KY,ballard
21009,Barren,KY,barren
21011,Bath,KY,bath
21013,Bell,KY,bell
21015,Boone,KY,boone
21017,Bourbon,KY,bourbon
21019,Boyd,KY,boyd
21021,Boyle,KY,boyle
21023,Bracken,KY,bracken
21025,Breathitt,KY,breathitt
21027,Breckinridge,KY,breckinridge
21029,Bullitt,KY,bullitt
21031,Butler,KY,butler
21033,Caldwell,KY,caldwell
21035,Calloway,KY,calloway
21037,Campbell,KY,campbell
21039,Carlisle,KY,carlisle
21041,Carroll,KY,carroll
21043,Carter,KY,carter
21045,Casey,KY,casey
21047,Christian,KY,christian
21049,Clark,KY,clark
21051,Clay,KY,clay
21053,Clinton,KY,clinton
21055,Crittenden,KY,crittenden
21057,Cumberland,KY,cumberland
21059,Daviess,KY,daviess
21061,Edmonson,KY,edmonson
21063,Elliott,KY,elliott
21065,Estill,KY,estill
21067,Fayette,KY,fayette
21069,Fleming,KY,fleming
21071,Floyd,KY,floyd
21073,Franklin,KY,franklin
21075,Fulton,KY,fulton
21077,Gallatin,KY,gallatin
21079,Garrard,KY,garrard
21081,Grant,KY,grant
21083,Graves,KY,graves
21085,Grayson,KY,grayson
21087,Green,KY,green
21089,Greenup,KY,greenup
21091,Hancock,KY,hancock
21093,Hardin,KY,hardin
21095,Harlan,KY,harlan
21097,Harrison,KY,harrison
21099,Hart,KY,hart
21101,Henderson,KY,henderson
21103,Henry,KY,henry
21105,Hickman,KY,hickman
21107,Hopkins,KY,hopkins
21109,Jackson,KY,jackson
21111,Jefferson,KY,jefferson
21113,Jessamine,KY,jessamine
21115,Johnson,KY,johnson
21117,Kenton,KY,kenton
21119,Knott,KY,knott
21121,Knox,KY,knox
21123,Larue,KY,larue
21125,Laurel,KY,laurel
21127,Lawrence,KY,lawrence
21129,Lee,KY,lee
21131,Leslie,KY,leslie
21133,Letcher,KY,letcher
21135,Lewis,KY,lewis
21137,Lincoln,KY,lincoln
21139,Livingston,KY,livingston
21141,Logan,KY,logan
21143,Lyon,KY,lyon
21145,McCracken,KY,mccracken
21147,McCreary,KY,mccreary
21149,McLean,KY,mclean
21151,Madison,KY,madison
21153,Magoffin,KY,magoffin
21155,Marion,KY,marion
21157,Marshall,KY,marshall
21159,Martin,KY,martin
21161,Mason,KY,mason
21163,Meade,KY,meade
21165,Menifee,KY,menifee
21167,Mercer,KY,mercer
21169,Metcalfe,KY,metcalfe
21171,Monroe,KY,monroe
21173,Montgomery,KY,montgomery
21175,Morgan,KY,morgan
21177,Muhlenberg,KY,muhlenberg
21179,Nelson,KY,nelson
21181,Nicholas,KY,nicholas
21183,Ohio,KY,ohio
21185,Oldham,KY,oldham
21187,Owen,KY,owen
21189,Owsley,KY,owsley
21191,Pendleton,KY,pendleton
21193,Perry,KY,perry
21195,Pike,KY,pike
21197,Powell,KY,powell
21199,Pulaski,KY,pulaski
21201,Robertson,KY,robertson
21203,Rockcastle,KY,rockcastle
21205,Rowan,KY,rowan
21207,Russell,KY,russell
21209,Scott,KY,scott
21211,Shelby,KY,shelby
21213,Simpson,KY,simpson
21215,Spencer,KY,spencer
21217,Taylor,KY,taylor
21219,Todd,KY,todd
21221,Trigg,KY,trigg
21223,Trimble,KY,trimble
21225,Union,KY,union
21227,Warren,KY,warren
21229,Washington,KY,washington
21231,Wayne,KY,wayne
21233,Webster,KY,webster
21235,Whitley,KY,whitley
21237,Wolfe,KY,wolfe
21239,Woodford,KY,woodford
22001,Acadia,LA,acadia
22003,Allen,LA,allen
22005,Ascension,LA,ascension
22007,Assumption,LA,assumption
22009,Avoyelles,LA,avoyelles
22011,Beauregard,LA,beauregard
22013,Bienville,LA,bienville
22015,Bossier,LA,bossier
22017,Caddo,LA,caddo
22019,Calcasieu,LA,calcasieu
22021,Caldwell,LA,caldwell
22023,Cameron,LA,cameron
22025,Catahoula,LA,catahoula
22027,Claiborne,LA,claiborne
22029,Concordia,LA,concordia
22031,De Soto,LA,desoto
22033,East Baton Rouge,LA,eastbatonrouge
22035,East Carroll,LA,eastcarroll
22037,East Feliciana,LA,eastfeliciana
22039,Evangeline,LA,evangeline
22041,Franklin,LA,franklin
22043,Grant,LA,grant
22045,Iberia,LA,iberia
22047,Iberville,LA,iberville
22049,Jackson,LA,jackson
22051,Jefferson,LA,jefferson
22053,Jefferson Davis,LA,jeffersondavis
22055,Lafayette,LA,lafayette
22057,Lafourche,LA,lafourche
22059,La Salle,LA,lasalle
22061,Lincoln,LA,lincoln
22063,Livingston,LA,livingston
22065,Madison,LA,madison
22067,Morehouse,LA,morehouse
22069,Natchitoches,LA,natchitoches
22071,Orleans,LA,orleans
22073,Ouachita,LA,ouachita
22075,Plaquemines,LA,plaquemines
22077,Pointe Coupee,LA,pointecoupee
22079,Rapides,LA,rapides
22081,Red River,LA,redriver
22083,Richland,LA,richland
22085,Sabine,LA,sabine
22087,St Bernard,LA,stbernard
22089,St Charles,LA,stcharles
22091,St Helena,LA,sthelena
22093,St James,LA,stjames
22095,St John the Baptist,LA,stjohnthebaptist
22097,St Landry,LA,stlandry
22099,St Martin,LA,stmartin
22101,St Mary,LA,stmary
22103,St Tammany,LA,sttammany
22105,Tangipahoa,LA,tangipahoa
22107,Tensas,LA,tensas
22109,Terrebonne,LA,terrebonne
22111,Union,LA,union
22113,Vermilion,LA,vermilion
22115,Vernon,LA,vernon
22117,Washington,LA,washington
22119,Webster,LA,webster
22121,West Baton Rouge,LA,westbatonrouge
22123,West Carroll,LA,westcarroll
22125,West Feliciana,LA,westfeliciana
22127,Winn,LA,winn
23001,Androscoggin,ME,androscoggin
23003,Aroostook,ME,aroostook
23005,Cumberland,ME,cumberland
23007,Franklin,ME,franklin
23009,Hancock,ME,hancock
23011,Kennebec,ME,kennebec
23013,Knox,ME,knox
23015,Lincoln,ME,lincoln
23017,Oxford,ME,oxford
23019,Penobscot,ME,penobscot
23021,Piscataquis,ME,piscataquis
23023,Sagadahoc,ME,sagadahoc
23025,Somerset,ME,somerset
23027,Waldo,ME,waldo
23029,Washington,ME,washington
23031,York,ME,york
24001,Allegany,MD,allegany
24003,Anne Arundel,MD,annearundel
24005,Baltimore,MD,baltimore
24009,Calvert,MD,calvert
24011,Caroline,MD,caroline
24013,Carroll,MD,carroll
24015,Cecil,MD,cecil
24017,Charles,MD,charles
24019,Dorchester,MD,dorchester
24021,Frederick,MD,frederick
24023,Garrett,MD,garrett
24025,Harford,MD,harford
24027,Howard,MD,howard
24029,Kent,MD,kent
24031,Montgomery,MD,montgomery
24033,Prince Georges,MD,princegeorges
24035,Queen Annes,MD,queenannes
24037,St Marys,MD,stmarys
24039,Somerset,MD,somerset
24041,Talbot,MD,talbot
24043,Washington,MD,washington
24045,Wicomico,MD,wicomico
24047,Worcester,MD,worcester
24510,Baltimore City,MD,baltimorecity
25001,Barnstable,MA,barnstable
25003,Berkshire,MA,berkshire
25005,Bristol,MA,bristol
25007,Dukes,MA,dukes
25009,Essex,MA,essex
25011,Franklin,MA,franklin
25013,Hampden,MA,hampden
25015,Hampshire,MA,hampshire
25017,Middlesex,MA,middlesex
25019,Nantucket,MA,nantucket
25021,Norfolk,MA,norfolk
25023,Plymouth,MA,plymouth
25025,Suffolk,MA,suffolk
25027,Worcester,MA,worcester
26001,Alcona,MI,alcona
26003,Alger,MI,alger
26005,Allegan,MI,allegan
26007,Alpena,MI,alpena
26009,Antrim,MI,antrim
26011,Arenac,MI,arenac
26013,Baraga,MI,baraga
26015,Barry,MI,barry
26017,Bay,MI,bay
26019,Benzie,MI,benzie
26021,Berrien,MI,berrien
26023,Branch,MI,branch
26025,Calhoun,MI,calhoun
26027,Cass,MI,cass
26029,Charlevoix,MI,charlevoix
26031,Cheboygan,MI,cheboygan
26033,Chippewa,MI,chippewa
26035,Clare,MI,clare
26037,Clinton,MI,clinton
26039,Crawford,MI,crawford
26041,Delta,MI,delta
26043,Dickinson,MI,dickinson
26045,Eaton,MI,eaton
26047,Emmet,MI,emmet
26049,Genesee,MI,genesee
26051,Gladwin,MI,gladwin
26053,Gogebic,MI,gogebic
26055,Grand Traverse,MI,grandtraverse
26057,Gratiot,MI,gratiot
26059,Hillsdale,MI,hillsdale
26061,Houghton,MI,houghton
26063,Huron,MI,huron
26065,Ingham,MI,ingham
26067,Ionia,MI,ionia
26069,Iosco,MI,iosco
26071,Iron,MI,iron
26073,Isabella,MI,isabella
26075,Jackson,MI,jackson
26077,Kalamazoo,MI,kalamazoo
26079,Kalkaska,MI,kalkaska
26081,Kent,MI,kent
26083,Keweenaw,MI,keweenaw
26085,Lake,MI,lake
26087,Lapeer,MI,lapeer
26089,Leelanau,MI,leelanau
26091,Lenawee,MI,lenawee
26093,Livingston,MI,livingston
26095,Luce,MI,luce
26097,Mackinac,MI,mackinac
26099,Macomb,MI,macomb
26101,Manistee,MI,manistee
26103,Marquette,MI,marquette
26105,Mason,MI,mason
26107,Mecosta,MI,mecosta
26109,Menominee,MI,menominee
26111,Midland,MI,midland
26113,Missaukee,MI,missaukee
26115,Monroe,MI,monroe
26117,Montcalm,MI,montcalm
26119,Montmorency,MI,montmorency
26121,Muskegon,MI,muskegon
26123,Newaygo,MI,newaygo
26125,Oakland,MI,oakland
26127,Oceana,MI,oceana
26129,Ogemaw,MI,ogemaw
26131,Ontonagon,MI,ontonagon
26133,Osceola,MI,osceola
26135,Oscoda,MI,oscoda
26137,Otsego,MI,otsego
26139,Ottawa,MI,ottawa
26141,Presque Isle,MI,presqueisle
26143,Roscommon,MI,roscommon
26145,Saginaw,MI,saginaw
26147,St Clair,MI,stclair
26149,St Joseph,MI,stjoseph
26151,Sanilac,MI,sanilac
26153,Schoolcraft,MI,schoolcraft
26155,Shiawassee,MI,shiawassee
26157,Tuscola,MI,tuscola
26159,Van Buren,MI,vanburen
26161,Washtenaw,MI,washtenaw
26163,Wayne,MI,wayne
26165,Wexford,MI,wexford
27001,Aitkin,MN,aitkin
27003,Anoka,MN,anoka
27005,Becker,MN,becker
27007,Beltrami,MN,beltrami
27009,Benton,MN,benton
27011,Big Stone,MN,bigstone
27013,Blue Earth,MN,blueearth
27015,Brown,MN,brown
27017,Carlton,MN,carlton
27019,Carver,MN,carver
27021,Cass,MN,cass
27023,Chippewa,MN,chippewa
27025,Chisago,MN,chisago
27027,Clay,MN,clay
27029,Clearwater,MN,clearwater
27031,Cook,MN,cook
27033,Cottonwood,MN,cottonwood
27035,Crow Wing,MN,crowwing
27037,Dakota,MN,dakota
27039,Dodge,MN,dodge
27041,Douglas,MN,douglas
27043,Faribault,MN,faribault
27045,Fillmore,MN,fillmore
27047,Freeborn,MN,freeborn
27049,Goodhue,MN,goodhue
27051,Grant,MN,grant
27053,Hennepin,MN,hennepin
27055,Houston,MN,houston
27057,Hubbard,MN,hubbard
27059,Isanti,MN,isanti
27061,Itasca,MN,itasca
27063,Jackson,MN,jackson
27065,Kanabec,MN,kanabec
27067,Kandiyohi,MN,kandiyohi
27069,Kittson,MN,kittson
27071,Koochiching,MN,koochiching
27073,Lac qui Parle,MN,lacquiparle
27075,Lake,MN,lake
27077,Lake of the Woods,MN,lakeofthewoods
27079,Le Sueur,MN,lesueur
27081,Lincoln,MN,lincoln
27083,Lyon,MN,lyon
27085,McLeod,MN,mcleod
27087,Mahnomen,MN,mahnomen
27089,Marshall,MN,marshall
27091,Martin,MN,martin
27093,Meeker,MN,meeker
27095,Mille Lacs,MN,millelacs
27097,Morrison,MN,morrison
27099,Mower,MN,mower
27101,Murray,MN,murray
27103,Nicollet,MN,nicollet
27105,Nobles,MN,nobles
27107,Norman,MN,norman
27109,Olmsted,MN,olmsted
27111,Otter Tail,MN,ottertail
27113,Pennington,MN,pennington
27115,Pine,MN,pine
27117,Pipestone,MN,pipestone
27119,Polk,MN,polk
27121,Pope,MN,pope
27123,Ramsey,MN,ramsey
27125,Red Lake,MN,redlake
27127,Redwood,MN,redwood
27129,Renville,MN,renville
27131,Rice,MN,rice
27133,Rock,MN,rock
27135,Roseau,MN,roseau
27137,St Louis,MN,stlouis
27139,Scott,MN,scott
27141,Sherburne,MN,sherburne
27143,Sibley,MN,sibley
27145,Stearns,MN,stearns
27147,Steele,MN,steele
27149,Stevens,MN,stevens
27151,Swift,MN,swift
27153,Todd,MN,todd
27155,Traverse,MN,traverse
27157,Wabasha,MN,wabasha
27159,Wadena,MN,wadena
27161,Waseca,MN,waseca
27163,Washington,MN,washington
27165,Watonwan,MN,watonwan
27167,Wilkin,MN,wilkin
27169,Winona,MN,winona
27171,Wright,MN,wright
27173,Yellow Medicine,MN,yellowmedicine
28001,Adams,MS,adams
28003,Alcorn,MS,alcorn
28005,Amite,MS,amite
28007,Attala,MS,attala
28009,Benton,MS,benton
28011,Bolivar,MS,bolivar
28013,Calhoun,MS,calhoun
28015,Carroll,MS,carroll
28017,Chickasaw,MS,chickasaw
28019,Choctaw,MS,choctaw
28021,Claiborne,MS,claiborne
28023,Clarke,MS,clarke
28025,Clay,MS,clay
28027,Coahoma,MS,coahoma
28029,Copiah,MS,copiah
28031,Covington,MS,covington
28033,De Soto,MS,desoto
28035,Forrest,MS,forrest
28037,Franklin,MS,franklin
28039,George,MS,george
28041,Greene,MS,greene
28043,Grenada,MS,grenada
28045,Hancock,MS,hancock
28047,Harrison,MS,harrison
28049,Hinds,MS,hinds
28051,Holmes,MS,holmes
28053,Humphreys,MS,humphreys
28055,Issaquena,MS,issaquena
28057,Itawamba,MS,itawamba
28059,Jackson,MS,jackson
28061,Jasper,MS,jasper
28063,Jefferson,MS,jefferson
28065,Jefferson Davis,MS,jeffersondavis
28067,Jones,MS,jones
28069,Kemper,MS,kemper
28071,Lafayette,MS,lafayette
28073,Lamar,MS,lamar
28075,Lauderdale,MS,lauderdale
28077,Lawrence,MS,lawrence
28079,Leake,MS,leake
28081,Lee,MS,lee
28083,Leflore,MS,leflore
28085,Lincoln,MS,lincoln
28087,Lowndes,MS,lowndes
28089,Madison,MS,madison
28091,Marion,MS,marion
28093,Marshall,MS,marshall
28095,Monroe,MS,monroe
28097,Montgomery,MS,montgomery
28099,Neshoba,MS,neshoba
28101,Newton,MS,newton
28103,Noxubee,MS,noxubee
28105,Oktibbeha,MS,oktibbeha
28107,Panola,MS,panola
28109,Pearl River,MS,pearlriver
28111,Perry,MS,perry
28113,Pike,MS,pike
28115,Pontotoc,MS,pontotoc
28117,Prentiss,MS,prentiss
28119,Quitman,MS,quitman
28121,Rankin,MS,rankin
28123,Scott,MS,scott
28125,Sharkey,MS,sharkey
28127,Simpson,MS,simpson
28129,Smith,MS,smith
28131,Stone,MS,stone
28133,Sunflower,MS,sunflower
28135,Tallahatchie,MS,tallahatchie
28137,Tate,MS,tate
28139,Tippah,MS,tippah
28141,Tishomingo,MS,tishomingo
28143,Tunica,MS,tunica
28145,Union,MS,union
28147,Walthall,MS,walthall
28149,Warren,MS,warren
28151,Washington,MS,washington
28153,Wayne,MS,wayne
28155,Webster,MS,webster
28157,Wilkinson,MS,wilkinson
28159,Winston,MS,winston
28161,Yalobusha,MS,yalobusha
28163,Yazoo,MS,yazoo
29001,Adair,MO,adair
29003,Andrew,MO,andrew
29005,Atchison,MO,atchison
29007,Audrain,MO,audrain
29009,Barry,MO,barry
29011,Barton,MO,barton
29013,Bates,MO,bates
29015,Benton,MO,benton
29017,Bollinger,MO,bollinger
29019,Boone,MO,boone
29021,Buchanan,MO,buchanan
29023,Butler,MO,butler
29025,Caldwell,MO,caldwell
29027,Callaway,MO,callaway
29029,Camden,MO,camden
29031,Cape Girardeau,MO,capegirardeau
29033,Carroll,MO,carroll
29035,Carter,MO,carter
29037,Cass,MO,cass
29039,Cedar,MO,cedar
29041,Chariton,MO,chariton
29043,Christian,MO,christian
29045,Clark,MO,clark
29047,Clay,MO,clay
29049,Clinton,MO,clinton
29051,Cole,MO,cole
29053,Cooper,MO,cooper
29055,Crawford,MO,crawford
29057,Dade,MO,dade
29059,Dallas,MO,dallas
29061,Daviess,MO,daviess
29063,De Kalb,MO,dekalb
29065,Dent,MO,dent
29067,Douglas,MO,douglas
29069,Dunklin,MO,dunklin
29071,Franklin,MO,franklin
29073,Gasconade,MO,gasconade
29075,Gentry,MO,gentry
29077,Greene,MO,greene
29079,Grundy,MO,grundy
29081,Harrison,MO,harrison
29083,Henry,MO,henry
29085,Hickory,MO,hickory
29087,Holt,MO,holt
29089,Howard,MO,howard
29091,Howell,MO,howell
29093,Iron,MO,iron
29095,Jackson,MO,jackson
29097,Jasper,MO,jasper
29099,Jefferson,MO,jefferson
29101,Johnson,MO,johnson
29103,Knox,MO,knox
29105,Laclede,MO,laclede
29107,Lafayette,MO,lafayette
29109,Lawrence,MO,lawrence
29111,Lewis,MO,lewis
29113,Lincoln,MO,lincoln
29115,Linn,MO,linn
29117,Livingston,MO,livingston
29119,McDonald,MO,mcdonald
29121,Macon,MO,macon
29123,Madison,MO,madison
29125,Maries,MO,maries
29127,Marion,MO,marion
29129,Mercer,MO,mercer
29131,Miller,MO,miller
29133,Mississippi,MO,mississippi
29135,Moniteau,MO,moniteau
29137,Monroe,MO,monroe
29139,Montgomery,MO,montgomery
29141,Morgan,MO,morgan
29143,New Madrid,MO,newmadrid
29145,Newton,MO,newton
29147,Nodaway,MO,nodaway
29149,Oregon,MO,oregon
29151,Osage,MO,osage
29153,Ozark,MO,ozark
29155,Pemiscot,MO,pemiscot
29157,Perry,MO,perry
29159,Pettis,MO,pettis
29161,Phelps,MO,phelps
29163,Pike,MO,pike
29165,Platte,MO,platte
29167,Polk,MO,polk
29169,Pulaski,MO,pulaski
29171,Putnam,MO,putnam
29173,Ralls,MO,ralls
29175,Randolph,MO,randolph
29177,Ray,MO,ray
29179,Reynolds,MO,reynolds
29181,Ripley,MO,ripley
29183,St Charles,MO,stcharles
29185,St Clair,MO,stclair
29186,Ste. Genevieve,MO,stegenevieve
29187,St Francois,MO,stfrancois
29189,St Louis,MO,stlouis
29195,Saline,MO,saline
29197,Schuyler,MO,schuyler
29199,Scotland,MO,scotland
29201,Scott,MO,scott
29203,Shannon,MO,shannon
29205,Shelby,MO,shelby
29207,Stoddard,MO,stoddard
29209,Stone,MO,stone
29211,Sullivan,MO,sullivan
29213,Taney,MO,taney
29215,Texas,MO,texas
29217,Vernon,MO,vernon
29219,Warren,MO,warren
29221,Washington,MO,washington
29223,Wayne,MO,wayne
29225,Webster,MO,webster
29227,Worth,MO,worth
29229,Wright,MO,wright
29510,St Louis City,MO,stlouiscity
30001,Beaverhead,MT,beaverhead
30003,Big Horn,MT,bighorn
30005,Blaine,MT,blaine
30007,Broadwater,MT,broadwater
30009,Carbon,MT,carbon
30011,Carter,MT,carter
30013,Cascade,MT,cascade
30015,Chouteau,MT,chouteau
30017,Custer,MT,custer
30019,Daniels,MT,daniels
30021,Dawson,MT,dawson
30023,Deer Lodge,MT,deerlodge
30025,Fallon,MT,fallon
30027,Fergus,MT,fergus
30029,Flathead,MT,flathead
30031,Gallatin,MT,gallatin
30033,Garfield,MT,garfield
30035,Glacier,MT,glacier
30037,Golden Valley,MT,goldenvalley
30039,Granite,MT,granite
30041,Hill,MT,hill
30043,Jefferson,MT,jefferson
30045,Judith Basin,MT,judithbasin
30047,Lake,MT,lake
30049,Lewis and Clark,MT,lewisandclark
30051,Liberty,MT,liberty
30053,Lincoln,MT,lincoln
30055,McCone,MT,mccone
30057,Madison,MT,madison
30059,Meagher,MT,meagher
30061,Mineral,MT,mineral
30063,Missoula,MT,missoula
30065,Musselshell,MT,musselshell
30067,Park,MT,park
30069,Petroleum,MT,petroleum
30071,Phillips,MT,phillips
30073,Pondera,MT,pondera
30075,Powder River,MT,powderriver
30077,Powell,MT,powell
30079,Prairie,MT,prairie
30081,Ravalli,MT,ravalli
30083,Richland,MT,richland
30085,Roosevelt,MT,roosevelt
30087,Rosebud,MT,rosebud
30089,Sanders,MT,sanders
30091,Sheridan,MT,sheridan
30093,Silver Bow,MT,silverbow
30095,Stillwater,MT,stillwater
30097,Sweet Grass,MT,sweetgrass
30099,Teton,MT,teton
30101,Toole,MT,toole
30103,Treasure,MT,treasure
30105,Valley,MT,valley
30107,Wheatland,MT,wheatland
30109,Wibaux,MT,wibaux
30111,Yellowstone,MT,yellowstone
30113,Yellowstone Nat Park,MT,yellowstonenatpark
31001,Adams,NE,adams
31003,Antelope,NE,antelope
31005,Arthur,NE,arthur
31007,Banner,NE,banner
31009,Blaine,NE,blaine
31011,Boone,NE,boone
31013,Box Butte,NE,boxbutte
31015,Boyd,NE,boyd
31017,Brown,NE,brown
31019,Buffalo,NE,buffalo
31021,Burt,NE,burt
31023,Butler,NE,butler
31025,Cass,NE,cass
31027,Cedar,NE,cedar
31029,Chase,NE,chase
31031,Cherry,NE,cherry
31033,Cheyenne,NE,cheyenne
31035,Clay,NE,clay
31037,Colfax,NE,colfax
31039,Cuming,NE,cuming
31041,Custer,NE,custer
31043,Dakota,NE,dakota
31045,Dawes,NE,dawes
31047,Dawson,NE,dawson
31049,Deuel,NE,deuel
31051,Dixon,NE,dixon
31053,Dodge,NE,dodge
31055,Douglas,NE,douglas
31057,Dundy,NE,dundy
31059,Fillmore,NE,fillmore
31061,Franklin,NE,franklin
31063,Frontier,NE,frontier
31065,Furnas,NE,furnas
31067,Gage,NE,gage
31069,Garden,NE,garden
31071,Garfield,NE,garfield
31073,Gosper,NE,gosper
31075,Grant,NE,grant
31077,Greeley,NE,greeley
31079,Hall,NE,hall
31081,Hamilton,NE,hamilton
31083,Harlan,NE,harlan
31085,Hayes,NE,hayes
31087,Hitchcock,NE,hitchcock
31089,Holt,NE,holt
31091,Hooker,NE,hooker
31093,Howard,NE,howard
31095,Jefferson,NE,jefferson
31097,Johnson,NE,johnson
31099,Kearney,NE,kearney
31101,Keith,NE,keith
31103,Keya Paha,NE,keyapaha
31105,Kimball,NE,kimball
31107,Knox,NE,knox
31109,Lancaster,NE,lancaster
31111,Lincoln,NE,lincoln
31113,Logan,NE,logan
31115,Loup,NE,loup
31117,McPherson,NE,mcpherson
31119,Madison,NE,madison
31121,Merrick,NE,merrick
31123,Morrill,NE,morrill
31125,Nance,NE,nance
31127,Nemaha,NE,nemaha
31129,Nuckolls,NE,nuckolls
31131,Otoe,NE,otoe
31133,Pawnee,NE,pawnee
31135,Perkins,NE,perkins
31137,Phelps,NE,phelps
31139,Pierce,NE,pierce
31141,Platte,NE,platte
31143,Polk,NE,polk
31145,Red Willow,NE,redwillow
31147,Richardson,NE,richardson
31149,Rock,NE,rock
31151,Saline,NE,saline
31153,Sarpy,NE,sarpy
31155,Saunders,NE,saunders
31157,Scotts Bluff,NE,scottsbluff
31159,Seward,NE,seward
31161,Sheridan,NE,sheridan
31163,Sherman,NE,sherman
31165,Sioux,NE,sioux
31167,Stanton,NE,stanton
31169,Thayer,NE,thayer
31171,Thomas,NE,thomas
31173,Thurston,NE,thurston
31175,Valley,NE,valley
31177,Washington,NE,washington
31179,Wayne,NE,wayne
31181,Webster,NE,webster
31183,Wheeler,NE,wheeler
31185,York,NE,york
32001,Churchill,NV,churchill
32003,Clark,NV,clark
32005,Douglas,NV,douglas
32007,Elko,NV,elko
32009,Esmeralda,NV,esmeralda
32011,Eureka,NV,eureka
32013,Humboldt,NV,humboldt
32015,Lander,NV,lander
32017,Lincoln,NV,lincoln
32019,Lyon,NV,lyon
32021,Mineral,NV,mineral
32023,Nye,NV,nye
32027,Pershing,NV,pershing
32029,Storey,NV,storey
32031,Washoe,NV,washoe
32033,White Pine,NV,whitepine
32510,Carson City,NV,carsoncity
33001,Belknap,NH,belknap
33003,Carroll,NH,carroll
33005,Cheshire,NH,cheshire
33007,Coos,NH,coos
33009,Grafton,NH,grafton
33011,Hillsborough,NH,hillsborough
33013,Merrimack,NH,merrimack
33015,Rockingham,NH,rockingham
33017,Strafford,NH,strafford
33019,Sullivan,NH,sullivan
34001,Atlantic,NJ,atlantic
34003,Bergen,NJ,bergen
34005,Burlington,NJ,burlington
34007,Camden,NJ,camden
34009,Cape May,NJ,capemay
34011,Cumberland,NJ,cumberland
34013,Essex,NJ,essex
34015,Gloucester,NJ,gloucester
34017,Hudson,NJ,hudson
34019,Hunterdon,NJ,hunterdon
34021,Mercer,NJ,mercer
34023,Middlesex,NJ,middlesex
34025,Monmouth,NJ,monmouth
34027,Morris,NJ,morris
34029,Ocean,NJ,ocean
34031,Passaic,NJ,passaic
34033,Salem,NJ,salem
34035,Somerset,NJ,somerset
34037,Sussex,NJ,sussex
34039,Union,NJ,union
34041,Warren,NJ,warren
35001,Bernalillo,NM,bernalillo
35003,Catron,NM,catron
35005,Chaves,NM,chaves
35006,Cibola,NM,cibola
35007,Colfax,NM,colfax
35009,Curry,NM,curry
35011,De Baca,NM,debaca
35013,Dona Ana,NM,donaana
35015,Eddy,NM,eddy
35017,Grant,NM,grant
35019,Guadalupe,NM,guadalupe
35021,Harding,NM,harding
35023,Hidalgo,NM,hidalgo
35025,Lea,NM,lea
35027,Lincoln,NM,lincoln
35028,Los Alamos,NM,losalamos
35029,Luna,NM,luna
35031,McKinley,NM,mckinley
35033,Mora,NM,mora
35035,Otero,NM,otero
35037,Quay,NM,quay
35039,Rio Arriba,NM,rioarriba
35041,Roosevelt,NM,roosevelt
35043,Sandoval,NM,sandoval
35045,San Juan,NM,sanjuan
35047,San Miguel,NM,sanmiguel
35049,Santa Fe,NM,santafe
35051,Sierra,NM,sierra
35053,Socorro,NM,socorro
35055,Taos,NM,taos
35057,Torrance,NM,torrance
35059,Union,NM,union
35061,Valencia,NM,valencia
36001,Albany,NY,albany
36003,Allegany,NY,allegany
36005,Bronx,NY,bronx
36007,Broome,NY,broome
36009,Cattaraugus,NY,cattaraugus
36011,Cayuga,NY,cayuga
36013,Chautauqua,NY,chautauqua
36015,Chemung,NY,chemung
36017,Chenango,NY,chenango
36019,Clinton,NY,clinton
36021,Columbia,NY,columbia
36023,Cortland,NY,cortland
36025,Delaware,NY,delaware
36027,Dutchess,NY,dutchess
36029,Erie,NY,erie
36031,Essex,NY,essex
36033,Franklin,NY,franklin
36035,Fulton,NY,fulton
36037,Genesee,NY,genesee
36039,Greene,NY,greene
36041,Hamilton,NY,hamilton
36043,Herkimer,NY,herkimer
36045,Jefferson,NY,jefferson
36047,Kings,NY,kings
36049,Lewis,NY,lewis
36051,Livingston,NY,livingston
36053,Madison,NY,madison
36055,Monroe,NY,monroe
36057,Montgomery,NY,montgomery
36059,Nassau,NY,nassau
36061,New York,NY,newyork
36063,Niagara,NY,niagara
36065,Oneida,NY,oneida
36067,Onondaga,NY,onondaga
36069,Ontario,NY,ontario
36071,Orange,NY,orange
36073,Orleans,NY,orleans
36075,Oswego,NY,oswego
36077,Otsego,NY,otsego
36079,Putnam,NY,putnam
36081,Queens,NY,queens
36083,Rensselaer,NY,rensselaer
36085,Richmond,NY,richmond
36087,Rockland,NY,rockland
36089,St Lawrence,NY,stlawrence
36091,Saratoga,NY,saratoga
36093,Schenectady,NY,schenectady
36095,Schoharie,NY,schoharie
36097,Schuyler,NY,schuyler
36099,Seneca,NY,seneca
36101,Steuben,NY,steuben
36103,Suffolk,NY,suffolk
36105,Sullivan,NY,sullivan
36107,Tioga,NY,tioga
36109,Tompkins,NY,tompkins
36111,Ulster,NY,ulster
36113,Warren,NY,warren
36115,Washington,NY,washington
36117,Wayne,NY,wayne
36119,Westchester,NY,westchester
36121,Wyoming,NY,wyoming
36123,Yates,NY,yates
37001,Alamance,NC,alamance
37003,Alexander,NC,alexander
37005,Alleghany,NC,alleghany
37007,Anson,NC,anson
37009,Ashe,NC,ashe
37011,Avery,NC,avery
37013,Beaufort,NC,beaufort
37015,Bertie,NC,bertie
37017,Bladen,NC,bladen
37019,Brunswick,NC,brunswick
37021,Buncombe,NC,buncombe
37023,Burke,NC,burke
37025,Cabarrus,NC,cabarrus
37027,Caldwell,NC,caldwell
37029,Camden,NC,camden
37031,Carteret,NC,carteret
37033,Caswell,NC,caswell
37035,Catawba,NC,catawba
37037,Chatham,NC,chatham
37039,Cherokee,NC,cherokee
37041,Chowan,NC,chowan
37043,Clay,NC,clay
37045,Cleveland,NC,cleveland
37047,Columbus,NC,columbus
37049,Craven,NC,craven
37051,Cumberland,NC,cumberland
37053,Currituck,NC,currituck
37055,Dare,NC,dare
37057,Davidson,NC,davidson
37059,Davie,NC,davie
37061,Duplin,NC,duplin
37063,Durham,NC,durham
37065,Edgecombe,NC,edgecombe
37067,Forsyth,NC,forsyth
37069,Franklin,NC,franklin
37071,Gaston,NC,gaston
37073,Gates,NC,gates
37075,Graham,NC,graham
37077,Granville,NC,granville
37079,Greene,NC,greene
37081,Guilford,NC,guilford
37083,Halifax,NC,halifax
37085,Harnett,NC,harnett
37087,Haywood,NC,haywood
37089,Henderson,NC,henderson
37091,Hertford,NC,hertford
37093,Hoke,NC,hoke
37095,Hyde,NC,hyde
37097,Iredell,NC,iredell
37099,Jackson,NC,jackson
37101,Johnston,NC,johnston
37103,Jones,NC,jones
37105,Lee,NC,lee
37107,Lenoir,NC,lenoir
37109,Lincoln,NC,lincoln
37111,McDowell,NC,mcdowell
37113,Macon,NC,macon
37115,Madison,NC,madison
37117,Martin,NC,martin
37119,Mecklenburg,NC,mecklenburg
37121,Mitchell,NC,mitchell
37123,Montgomery,NC,montgomery
37125,Moore,NC,moore
37127,Nash,NC,nash
37129,New Hanover,NC,newhanover
37131,Northampton,NC,northampton
37133,Onslow,NC,onslow
37135,Orange,NC,orange
37137,Pamlico,NC,pamlico
37139,Pasquotank,NC,pasquotank
37141,Pender,NC,pender
37143,Perquimans,NC,perquimans
37145,Person,NC,person
37147,Pitt,NC,pitt
37149,Polk,NC,polk
37151,Randolph,NC,randolph
37153,Richmond,NC,richmond
37155,Robeson,NC,robeson
37157,Rockingham,NC,rockingham
37159,Rowan,NC,rowan
37161,Rutherford,NC,rutherford
37163,Sampson,NC,sampson
37165,Scotland,NC,scotland
37167,Stanly,NC,stanly
37169,Stokes,NC,stokes
37171,Surry,NC,surry
37173,Swain,NC,swain
37175,Transylvania,NC,transylvania
37177,Tyrrell,NC,tyrrell
37179,Union,NC,union
37181,Vance,NC,vance
37183,Wake,NC,wake
37185,Warren,NC,warren
37187,Washington,NC,washington
37189,Watauga,NC,watauga
37191,Wayne,NC,wayne
37193,Wilkes,NC,wilkes
37195,Wilson,NC,wilson
37197,Yadkin,NC,yadkin
37199,Yancey,NC,yancey
38001,Adams,ND,adams
38003,Barnes,ND,barnes
38005,Benson,ND,benson
38007,Billings,ND,billings
38009,Bottineau,ND,bottineau
38011,Bowman,ND,bowman
38013,Burke,ND,burke
38015,Burleigh,ND,burleigh
38017,Cass,ND,cass
38019,Cavalier,ND,cavalier
38021,Dickey,ND,dickey
38023,Divide,ND,divide
38025,Dunn,ND,dunn
38027,Eddy,ND,eddy
38029,Emmons,ND,emmons
38031,Foster,ND,foster
38033,Golden Valley,ND,goldenvalley
38035,Grand Forks,ND,grandforks
38037,Grant,ND,grant
38039,Griggs,ND,griggs
38041,Hettinger,ND,hettinger
38043,Kidder,ND,kidder
38045,La Moure,ND,lamoure
38047,Logan,ND,logan
38049,McHenry,ND,mchenry
38051,McIntosh,ND,mcintosh
38053,McKenzie,ND,mckenzie
38055,McLean,ND,mclean
38057,Mercer,ND,mercer
38059,Morton,ND,morton
38061,Mountrail,ND,mountrail
38063,Nelson,ND,nelson
38065,Oliver,ND,oliver
38067,Pembina,ND,pembina
38069,Pierce,ND,pierce
38071,Ramsey,ND,ramsey
38073,Ransom,ND,ransom
38075,Renville,ND,renville
38077,Richland,ND,richland
38079,Rolette,ND,rolette
38081,Sargent,ND,sargent
38083,Sheridan,ND,sheridan
38085,Sioux,ND,sioux
38087,Slope,ND,slope
38089,Stark,ND,stark
38091,Steele,ND,steele
38093,Stutsman,ND,stutsman
38095,Towner,ND,towner
38097,Traill,ND,traill
38099,Walsh,ND,walsh
38101,Ward,ND,ward
38103,Wells,ND,wells
38105,Williams,ND,williams
39001,Adams,OH,adams
39003,Allen,OH,allen
39005,Ashland,OH,ashland
39007,Ashtabula,OH,ashtabula
39009,Athens,OH,athens
39011,Auglaize,OH,auglaize
39013,Belmont,OH,belmont
39015,Brown,OH,brown
39017,Butler,OH,butler
39019,Carroll,OH,carroll
39021,Champaign,OH,champaign
39023,Clark,OH,clark
39025,Clermont,OH,clermont
39027,Clinton,OH,clinton
39029,Columbiana,OH,columbiana
39031,Coshocton,OH,coshocton
39033,Crawford,OH,crawford
39035,Cuyahoga,OH,cuyahoga
39037,Darke,OH,darke
39039,Defiance,OH,defiance
39041,Delaware,OH,delaware
39043,Erie,OH,erie
39045,Fairfield,OH,fairfield
39047,Fayette,OH,fayette
39049,Franklin,OH,franklin
39051,Fulton,OH,fulton
39053,Gallia,OH,gallia
39055,Geauga,OH,geauga
39057,Greene,OH,greene
39059,Guernsey,OH,guernsey
39061,Hamilton,OH,hamilton
39063,Hancock,OH,hancock
39065,Hardin,OH,hardin
39067,Harrison,OH,harrison
39069,Henry,OH,henry
39071,Highland,OH,highland
39073,Hocking,OH,hocking
39075,Holmes,OH,holmes
39077,Huron,OH,huron
39079,Jackson,OH,jackson
39081,Jefferson,OH,jefferson
39083,Knox,OH,knox
39085,Lake,OH,lake
39087,Lawrence,OH,lawrence
39089,Licking,OH,licking
39091,Logan,OH,logan
39093,Lorain,OH,lorain
39095,Lucas,OH,lucas
39097,Madison,OH,madison
39099,Mahoning,OH,mahoning
39101,Marion,OH,marion
39103,Medina,OH,medina
39105,Meigs,OH,meigs
39107,Mercer,OH,mercer
39109,Miami,OH,miami
39111,Monroe,OH,monroe
39113,Montgomery,OH,montgomery
39115,Morgan,OH,morgan
39117,Morrow,OH,morrow
39119,Muskingum,OH,muskingum
39121,Noble,OH,noble
39123,Ottawa,OH,ottawa
39125,Paulding,OH,paulding
39127,Perry,OH,perry
39129,Pickaway,OH,pickaway
39131,Pike,OH,pike
39133,Portage,OH,portage
39135,Preble,OH,preble
39137,Putnam,OH,putnam
39139,Richland,OH,richland
39141,Ross,OH,ross
39143,Sandusky,OH,sandusky
39145,Scioto,OH,scioto
39147,Seneca,OH,seneca
39149,Shelby,OH,shelby
39151,Stark,OH,stark
39153,Summit,OH,summit
39155,Trumbull,OH,trumbull
39157,Tuscarawas,OH,tuscarawas
39159,Union,OH,union
39161,Van Wert,OH,vanwert
39163,Vinton,OH,vinton
39165,Warren,OH,warren
39167,Washington,OH,washington
39169,Wayne,OH,wayne
39171,Williams,OH,williams
39173,Wood,OH,wood
39175,Wyandot,OH,wyandot
40001,Adair,OK,adair
40003,Alfalfa,OK,alfalfa
40005,Atoka,OK,atoka
40007,Beaver,OK,beaver
40009,Beckham,OK,beckham
40011,Blaine,OK,blaine
40013,Bryan,OK,bryan
40015,Caddo,OK,caddo
40017,Canadian,OK,canadian
40019,Carter,OK,carter
40021,Cherokee,OK,cherokee
40023,Choctaw,OK,choctaw
40025,Cimarron,OK,cimarron
40027,Cleveland,OK,cleveland
40029,Coal,OK,coal
40031,Comanche,OK,comanche
40033,Cotton,OK,cotton
40035,Craig,OK,craig
40037,Creek,OK,creek
40039,Custer,OK,custer
40041,Delaware,OK,delaware
40043,Dewey,OK,dewey
40045,Ellis,OK,ellis
40047,Garfield,OK,garfield
40049,Garvin,OK,garvin
40051,Grady,OK,grady
40053,Grant,OK,grant
40055,Greer,OK,greer
40057,Harmon,OK,harmon
40059,Harper,OK,harper
40061,Haskell,OK,haskell
40063,Hughes,OK,hughes
40065,Jackson,OK,jackson
40067,Jefferson,OK,jefferson
40069,Johnston,OK,johnston
40071,Kay,OK,kay
40073,Kingfisher,OK,kingfisher
40075,Kiowa,OK,kiowa
40077,Latimer,OK,latimer
40079,Le Flore,OK,leflore
40081,Lincoln,OK,lincoln
40083,Logan,OK,logan
40085,Love,OK,love
40087,McClain,OK,mcclain
40089,McCurtain,OK,mccurtain
40091,McIntosh,OK,mcintosh
40093,Major,OK,major
40095,Marshall,OK,marshall
40097,Mayes,OK,mayes
40099,Murray,OK,murray
40101,Muskogee,OK,muskogee
40103,Noble,OK,noble
40105,Nowata,OK,nowata
40107,Okfuskee,OK,okfuskee
40109,Oklahoma,OK,oklahoma
40111,Okmulgee,OK,okmulgee
40113,Osage,OK,osage
40115,Ottawa,OK,ottawa
40117,Pawnee,OK,pawnee
40119,Payne,OK,payne
40121,Pittsburg,OK,pittsburg
40123,Pontotoc,OK,pontotoc
40125,Pottawatomie,OK,pottawatomie
40127,Pushmataha,OK,pushmataha
40129,Roger Mills,OK,rogermills
40131,Rogers,OK,rogers
40133,Seminole,OK,seminole
40135,Sequoyah,OK,sequoyah
40137,Stephens,OK,stephens
40139,Texas,OK,texas
40141,Tillman,OK,tillman
40143,Tulsa,OK,tulsa
40145,Wagoner,OK,wagoner
40147,Washington,OK,washington
40149,Washita,OK,washita
40151,Woods,OK,woods
40153,Woodward,OK,woodward
41001,Baker,OR,baker
41003,Benton,OR,benton
41005,Clackamas,OR,clackamas
41007,Clatsop,OR,clatsop
41009,Columbia,OR,columbia
41011,Coos,OR,coos
41013,Crook,OR,crook
41015,Curry,OR,curry
41017,Deschutes,OR,deschutes
41019,Douglas,OR,douglas
41021,Gilliam,OR,gilliam
41023,Grant,OR,grant
41025,Harney,OR,harney
41027,Hood River,OR,hoodriver
41029,Jackson,OR,jackson
41031,Jefferson,OR,jefferson
41033,Josephine,OR,josephine
41035,Klamath,OR,klamath
41037,Lake,OR,lake
41039,Lane,OR,lane
41041,Lincoln,OR,lincoln
41043,Linn,OR,linn
41045,Malheur,OR,malheur
41047,Marion,OR,marion
41049,Morrow,OR,morrow
41051,Multnomah,OR,multnomah
41053,Polk,OR,polk
41055,Sherman,OR,sherman
41057,Tillamook,OR,tillamook
41059,Umatilla,OR,umatilla
41061,Union,OR,union
41063,Wallowa,OR,wallowa
41065,Wasco,OR,wasco
41067,Washington,OR,washington
41069,Wheeler,OR,wheeler
41071,Yamhill,OR,yamhill
42001,Adams,PA,adams
42003,Allegheny,PA,allegheny
42005,Armstrong,PA,armstrong
42007,Beaver,PA,beaver
42009,Bedford,PA,bedford
42011,Berks,PA,berks
42013,Blair,PA,blair
42015,Bradford,PA,bradford
42017,Bucks,PA,bucks
42019,Butler,PA,butler
42021,Cambria,PA,cambria
42023,Cameron,PA,cameron
42025,Carbon,PA,carbon
42027,Centre,PA,centre
42029,Chester,PA,chester
42031,Clarion,PA,clarion
42033,Clearfield,PA,clearfield
42035,Clinton,PA,clinton
42037,Columbia,PA,columbia
42039,Crawford,PA,crawford
42041,Cumberland,PA,cumberland
42043,Dauphin,PA,dauphin
42045,Delaware,PA,delaware
42047,Elk,PA,elk
42049,Erie,PA,erie
42051,Fayette,PA,fayette
42053,Forest,PA,forest
42055,Franklin,PA,franklin
42057,Fulton,PA,fulton
42059,Greene,PA,greene
42061,Huntingdon,PA,huntingdon
42063,Indiana,PA,indiana
42065,Jefferson,PA,jefferson
42067,Juniata,PA,juniata
42069,Lackawanna,PA,lackawanna
42071,Lancaster,PA,lancaster
42073,Lawrence,PA,lawrence
42075,Lebanon,PA,lebanon
42077,Lehigh,PA,lehigh
42079,Luzerne,PA,luzerne
42081,Lycoming,PA,lycoming
42083,McKean,PA,mckean
42085,Mercer,PA,mercer
42087,Mifflin,PA,mifflin
42089,Monroe,PA,monroe
42091,Montgomery,PA,montgomery
42093,Montour,PA,montour
42095,Northampton,PA,northampton
42097,Northumberland,PA,northumberland
42099,Perry,PA,perry
42101,Philadelphia,PA,philadelphia
42103,Pike,PA,pike
42105,Potter,PA,potter
42107,Schuylkill,PA,schuylkill
42109,Snyder,PA,snyder
42111,Somerset,PA,somerset
42113,Sullivan,PA,sullivan
42115,Susquehanna,PA,susquehanna
42117,Tioga,PA,tioga
42119,Union,PA,union
42121,Venango,PA,venango
42123,Warren,PA,warren
42125,Washington,PA,washington
42127,Wayne,PA,wayne
42129,Westmoreland,PA,westmoreland
42131,Wyoming,PA,wyoming
42133,York,PA,york
44001,Bristol,RI,bristol
44003,Kent,RI,kent
44005,Newport,RI,newport
44007,Providence,RI,providence
44009,Washington,RI,washington
45001,Abbeville,SC,abbeville
45003,Aiken,SC,aiken
45005,Allendale,SC,allendale
45007,Anderson,SC,anderson
45009,Bamberg,SC,bamberg
45011,Barnwell,SC,barnwell
45013,Beaufort,SC,beaufort
45015,Berkeley,SC,berkeley
45017,Calhoun,SC,calhoun
45019,Charleston,SC,charleston
45021,Cherokee,SC,cherokee
45023,Chester,SC,chester
45025,Chesterfield,SC,chesterfield
45027,Clarendon,SC,clarendon
45029,Colleton,SC,colleton
45031,Darlington,SC,darlington
45033,Dillon,SC,dillon
45035,Dorchester,SC,dorchester
45037,Edgefield,SC,edgefield
45039,Fairfield,SC,fairfield
45041,Florence,SC,florence
45043,Georgetown,SC,georgetown
45045,Greenville,SC,greenville
45047,Greenwood,SC,greenwood
45049,Hampton,SC,hampton
45051,Horry,SC,horry
45053,Jasper,SC,jasper
45055,Kershaw,SC,kershaw
45057,Lancaster,SC,lancaster
45059,Laurens,SC,laurens
45061,Lee,SC,lee
45063,Lexington,SC,lexington
45065,McCormick,SC,mccormick
45067,Marion,SC,marion
45069,Marlboro,SC,marlboro
45071,Newberry,SC,newberry
45073,Oconee,SC,oconee
45075,Orangeburg,SC,orangeburg
45077,Pickens,SC,pickens
45079,Richland,SC,richland
45081,Saluda,SC,saluda
45083,Spartanburg,SC,spartanburg
45085,Sumter,SC,sumter
45087,Union,SC,union
45089,Williamsburg,SC,williamsburg
45091,York,SC,york
46003,Aurora,SD,aurora
46005,Beadle,SD,beadle
46007,Bennett,SD,bennett
46009,Bon Homme,SD,bonhomme
46011,Brookings,SD,brookings
46013,Brown,SD,brown
46015,Brule,SD,brule
46017,Buffalo,SD,buffalo
46019,Butte,SD,butte
46021,Campbell,SD,campbell
46023,Charles Mix,SD,charlesmix
46025,Clark,SD,clark
46027,Clay,SD,clay
46029,Codington,SD,codington
46031,Corson,SD,corson
46033,Custer,SD,custer
46035,Davison,SD,davison
46037,Day,SD,day
46039,Deuel,SD,deuel
46041,Dewey,SD,dewey
46043,Douglas,SD,douglas
46045,Edmunds,SD,edmunds
46047,Fall River,SD,fallriver
46049,Faulk,SD,faulk
46051,Grant,SD,grant
46053,Gregory,SD,gregory
46055,Haakon,SD,haakon
46057,Hamlin,SD,hamlin
46059,Hand,SD,hand
46061,Hanson,SD,hanson
46063,Harding,SD,harding
46065,Hughes,SD,hughes
46067,Hutchinson,SD,hutchinson
46069,Hyde,SD,hyde
46071,Jackson,SD,jackson
46073,Jerauld,SD,jerauld
46075,Jones,SD,jones
46077,Kingsbury,SD,kingsbury
46079,Lake,SD,lake
46081,Lawrence,SD,lawrence
46083,Lincoln,SD,lincoln
46085,Lyman,SD,lyman
46087,McCook,SD,mccook
46089,McPherson,SD,mcpherson
46091,Marshall,SD,marshall
46093,Meade,SD,meade
46095,Mellette,SD,mellette
46097,Miner,SD,miner
46099,Minnehaha,SD,minnehaha
46101,Moody,SD,moody
46103,Pennington,SD,pennington
46105,Perkins,SD,perkins
46107,Potter,SD,potter
46109,Roberts,SD,roberts
46111,Sanborn,SD,sanborn
46113,Shannon,SD,shannon
46115,Spink,SD,spink
46117,Stanley,SD,stanley
46119,Sully,SD,sully
46121,Todd,SD,todd
46123,Tripp,SD,tripp
46125,Turner,SD,turner
46127,Union,SD,union
46129,Walworth,SD,walworth
46135,Yankton,SD,yankton
46137,Ziebach,SD,ziebach
47001,Anderson,TN,anderson
47003,Bedford,TN,bedford
47005,Benton,TN,benton
47007,Bledsoe,TN,bledsoe
47009,Blount,TN,blount
47011,Bradley,TN,bradley
47013,Campbell,TN,campbell
47015,Cannon,TN,cannon
47017,Carroll,TN,carroll
47019,Carter,TN,carter
47021,Cheatham,TN,cheatham
47023,Chester,TN,chester
47025,Claiborne,TN,claiborne
47027,Clay,TN,clay
47029,Cocke,TN,cocke
47031,Coffee,TN,coffee
47033,Crockett,TN,crockett
47035,Cumberland,TN,cumberland
47037,Davidson,TN,davidson
47039,Decatur,TN,decatur
47041,De Kalb,TN,dekalb
47043,Dickson,TN,dickson
47045,Dyer,TN,dyer
47047,Fayette,TN,fayette
47049,Fentress,TN,fentress
47051,Franklin,TN,franklin
47053,Gibson,TN,gibson
47055,Giles,TN,giles
47057,Grainger,TN,grainger
47059,Greene,TN,greene
47061,Grundy,TN,grundy
47063,Hamblen,TN,hamblen
47065,Hamilton,TN,hamilton
47067,Hancock,TN,hancock
47069,Hardeman,TN,hardeman
47071,Hardin,TN,hardin
47073,Hawkins,TN,hawkins
47075,Haywood,TN,haywood
47077,Henderson,TN,henderson
47079,Henry,TN,henry
47081,Hickman,TN,hickman
47083,Houston,TN,houston
47085,Humphreys,TN,humphreys
47087,Jackson,TN,jackson
47089,Jefferson,TN,jefferson
47091,Johnson,TN,johnson
47093,Knox,TN,knox
47095,Lake,TN,lake
47097,Lauderdale,TN,lauderdale
47099,Lawrence,TN,lawrence
47101,Lewis,TN,lewis
47103,Lincoln,TN,lincoln
47105,Loudon,TN,loudon
47107,McMinn,TN,mcminn
47109,McNairy,TN,mcnairy
47111,Macon,TN,macon
47113,Madison,TN,madison
47115,Marion,TN,marion
47117,Marshall,TN,marshall
47119,Maury,TN,maury
47121,Meigs,TN,meigs
47123,Monroe,TN,monroe
47125,Montgomery,TN,montgomery
47127,Moore,TN,moore
47129,Morgan,TN,morgan
47131,Obion,TN,obion
47133,Overton,TN,overton
47135,Perry,TN,perry
47137,Pickett,TN,pickett
47139,Polk,TN,polk
47141,Putnam,TN,putnam
47143,Rhea,TN,rhea
47145,Roane,TN,roane
47147,Robertson,TN,robertson
47149,Rutherford,TN,rutherford
47151,Scott,TN,scott
47153,Sequatchie,TN,sequatchie
47155,Sevier,TN,sevier
47157,Shelby,TN,shelby
47159,Smith,TN,smith
47161,Stewart,TN,stewart
47163,Sullivan,TN,sullivan
47165,Sumner,TN,sumner
47167,Tipton,TN,tipton
47169,Trousdale,TN,trousdale
47171,Unicoi,TN,unicoi
47173,Union,TN,union
47175,Van Buren,TN,vanburen
47177,Warren,TN,warren
47179,Washington,TN,washington
47181,Wayne,TN,wayne
47183,Weakley,TN,weakley
47185,White,TN,white
47187,Williamson,TN,williamson
47189,Wilson,TN,wilson
48001,Anderson,TX,anderson
48003,Andrews,TX,andrews
48005,Angelina,TX,angelina
48007,Aransas,TX,aransas
48009,Archer,TX,archer
48011,Armstrong,TX,armstrong
48013,Atascosa,TX,atascosa
48015,Austin,TX,austin
48017,Bailey,TX,bailey
48019,Bandera,TX,bandera
48021,Bastrop,TX,bastrop
48023,Baylor,TX,baylor
48025,Bee,TX,bee
48027,Bell,TX,bell
48029,Bexar,TX,bexar
48031,Blanco,TX,blanco
48033,Borden,TX,borden
48035,Bosque,TX,bosque
48037,Bowie,TX,bowie
48039,Brazoria,TX,brazoria
48041,Brazos,TX,brazos
48043,Brewster,TX,brewster
48045,Briscoe,TX,briscoe
48047,Brooks,TX,brooks
48049,Brown,TX,brown
48051,Burleson,TX,burleson
48053,Burnet,TX,burnet
48055,Caldwell,TX,caldwell
48057,Calhoun,TX,calhoun
48059,Callahan,TX,callahan
48061,Cameron,TX,cameron
48063,Camp,TX,camp
48065,Carson,TX,carson
48067,Cass,TX,cass
48069,Castro,TX,castro
48071,Chambers,TX,chambers
48073,Cherokee,TX,cherokee
48075,Childress,TX,childress
48077,Clay,TX,clay
48079,Cochran,TX,cochran
48081,Coke,TX,coke
48083,Coleman,TX,coleman
48085,Collin,TX,collin
48087,Collingsworth,TX,collingsworth
48089,Colorado,TX,colorado
48091,Comal,TX,comal
48093,Comanche,TX,comanche
48095,Concho,TX,concho
48097,Cooke,TX,cooke
48099,Coryell,TX,coryell
48101,Cottle,TX,cottle
48103,Crane,TX,crane
48105,Crockett,TX,crockett
48107,Crosby,TX,crosby
48109,Culberson,TX,culberson
48111,Dallam,TX,dallam
48113,Dallas,TX,dallas
48115,Dawson,TX,dawson
48117,Deaf Smith,TX,deafsmith
48119,Delta,TX,delta
48121,Denton,TX,denton
48123,De Witt,TX,dewitt
48125,Dickens,TX,dickens
48127,Dimmit,TX,dimmit
48129,Donley,TX,donley
48131,Duval,TX,duval
48133,Eastland,TX,eastland
48135,Ector,TX,ector
48137,Edwards,TX,edwards
48139,Ellis,TX,ellis
48141,El Paso,TX,elpaso
48143,Erath,TX,erath
48145,Falls,TX,falls
48147,Fannin,TX,fannin
48149,Fayette,TX,fayette
48151,Fisher,TX,fisher
48153,Floyd,TX,floyd
48155,Foard,TX,foard
48157,Fort Bend,TX,fortbend
48159,Franklin,TX,franklin
48161,Freestone,TX,freestone
48163,Frio,TX,frio
48165,Gaines,TX,gaines
48167,Galveston,TX,galveston
48169,Garza,TX,garza
48171,Gillespie,TX,gillespie
48173,Glasscock,TX,glasscock
48175,Goliad,TX,goliad
48177,Gonzales,TX,gonzales
48179,Gray,TX,gray
48181,Grayson,TX,grayson
48183,Gregg,TX,gregg
48185,Grimes,TX,grimes
48187,Guadalupe,TX,guadalupe
48189,Hale,TX,hale
48191,Hall,TX,hall
48193,Hamilton,TX,hamilton
48195,Hansford,TX,hansford
48197,Hardeman,TX,hardeman
48199,Hardin,TX,hardin
48201,Harris,TX,harris
48203,Harrison,TX,harrison
48205,Hartley,TX,hartley
48207,Haskell,TX,haskell
48209,Hays,TX,hays
48211,Hemphill,TX,hemphill
48213,Henderson,TX,henderson
48215,Hidalgo,TX,hidalgo
48217,Hill,TX,hill
48219,Hockley,TX,hockley
48221,Hood,TX,hood
48223,Hopkins,TX,hopkins
48225,Houston,TX,houston
48227,Howard,TX,howard
48229,Hudspeth,TX,hudspeth
48231,Hunt,TX,hunt
48233,Hutchinson,TX,hutchinson
48235,Irion,TX,irion
48237,Jack,TX,jack
48239,Jackson,TX,jackson
48241,Jasper,TX,jasper
48243,Jeff Davis,TX,jeffdavis
48245,Jefferson,TX,jefferson
48247,Jim Hogg,TX,jimhogg
48249,Jim Wells,TX,jimwells
48251,Johnson,TX,johnson
48253,Jones,TX,jones
48255,Karnes,TX,karnes
48257,Kaufman,TX,kaufman
48259,Kendall,TX,kendall
48261,Kenedy,TX,kenedy
48263,Kent,TX,kent
48265,Kerr,TX,kerr
48267,Kimble,TX,kimble
48269,King,TX,king
48271,Kinney,TX,kinney
48273,Kleberg,TX,kleberg
48275,Knox,TX,knox
48277,Lamar,TX,lamar
48279,Lamb,TX,lamb
48281,Lampasas,TX,lampasas
48283,La Salle,TX,lasalle
48285,Lavaca,TX,lavaca
48287,Lee,TX,lee
48289,Leon,TX,leon
48291,Liberty,TX,liberty
48293,Limestone,TX,limestone
48295,Lipscomb,TX,lipscomb
48297,Live Oak,TX,liveoak
48299,Llano,TX,llano
48301,Loving,TX,loving
48303,Lubbock,TX,lubbock
48305,Lynn,TX,lynn
48307,McCulloch,TX,mcculloch
48309,McLennan,TX,mclennan
48311,McMullen,TX,mcmullen
48313,Madison,TX,madison
48315,Marion,TX,marion
48317,Martin,TX,martin
48319,Mason,TX,mason
48321,Matagorda,TX,matagorda
48323,Maverick,TX,maverick
48325,Medina,TX,medina
48327,Menard,TX,menard
48329,Midland,TX,midland
48331,Milam,TX,milam
48333,Mills,TX,mills
48335,Mitchell,TX,mitchell
48337,Montague,TX,montague
48339,Montgomery,TX,montgomery
48341,Moore,TX,moore
48343,Morris,TX,morris
48345,Motley,TX,motley
48347,Nacogdoches,TX,nacogdoches
48349,Navarro,TX,navarro
48351,Newton,TX,newton
48353,Nolan,TX,nolan
48355,Nueces,TX,nueces
48357,Ochiltree,TX,ochiltree
48359,Oldham,TX,oldham
48361,Orange,TX,orange
48363,Palo Pinto,TX,palopinto
48365,Panola,TX,panola
48367,Parker,TX,parker
48369,Parmer,TX,parmer
48371,Pecos,TX,pecos
48373,Polk,TX,polk
48375,Potter,TX,potter
48377,Presidio,TX,presidio
48379,Rains,TX,rains
48381,Randall,TX,randall
48383,Reagan,TX,reagan
48385,Real,TX,real
48387,Red River,TX,redriver
48389,Reeves,TX,reeves
48391,Refugio,TX,refugio
48393,Roberts,TX,roberts
48395,Robertson,TX,robertson
48397,Rockwall,TX,rockwall
48399,Runnels,TX,runnels
48401,Rusk,TX,rusk
48403,Sabine,TX,sabine
48405,San Augustine,TX,sanaugustine
48407,San Jacinto,TX,sanjacinto
48409,San Patricio,TX,sanpatricio
48411,San Saba,TX,sansaba
48413,Schleicher,TX,schleicher
48415,Scurry,TX,scurry
48417,Shackelford,TX,shackelford
48419,Shelby,TX,shelby
48421,Sherman,TX,sherman
48423,Smith,TX,smith
48425,Somervell,TX,somervell
48427,Starr,TX,starr
48429,Stephens,TX,stephens
48431,Sterling,TX,sterling
48433,Stonewall,TX,stonewall
48435,Sutton,TX,sutton
48437,Swisher,TX,swisher
48439,Tarrant,TX,tarrant
48441,Taylor,TX,taylor
48443,Terrell,TX,terrell
48445,Terry,TX,terry
48447,Throckmorton,TX,throckmorton
48449,Titus,TX,titus
48451,Tom Green,TX,tomgreen
48453,Travis,TX,travis
48455,Trinity,TX,trinity
48457,Tyler,TX,tyler
48459,Upshur,TX,upshur
48461,Upton,TX,upton
48463,Uvalde,TX,uvalde
48465,Val Verde,TX,valverde
48467,Van Zandt,TX,vanzandt
48469,Victoria,TX,victoria
48471,Walker,TX,walker
48473,Waller,TX,waller
48475,Ward,TX,ward
48477,Washington,TX,washington
48479,Webb,TX,webb
48481,Wharton,TX,wharton
48483,Wheeler,TX,wheeler
48485,Wichita,TX,wichita
48487,Wilbarger,TX,wilbarger
48489,Willacy,TX,willacy
48491,Williamson,TX,williamson
48493,Wilson,TX,wilson
48495,Winkler,TX,winkler
48497,Wise,TX,wise
48499,Wood,TX,wood
48501,Yoakum,TX,yoakum
48503,Young,TX,young
48505,Zapata,TX,zapata
48507,Zavala,TX,zavala
49001,Beaver,UT,beaver
49003,Box Elder,UT,boxelder
49005,Cache,UT,cache
49007,Carbon,UT,carbon
49009,Daggett,UT,daggett
49011,Davis,UT,davis
49013,Duchesne,UT,duchesne
49015,Emery,UT,emery
49017,Garfield,UT,garfield
49019,Grand,UT,grand
49021,Iron,UT,iron
49023,Juab,UT,juab
49025,Kane,UT,kane
49027,Millard,UT,millard
49029,Morgan,UT,morgan
49031,Piute,UT,piute
49033,Rich,UT,rich
49035,Salt Lake,UT,saltlake
49037,San Juan,UT,sanjuan
49039,Sanpete,UT,sanpete
49041,Sevier,UT,sevier
49043,Summit,UT,summit
49045,Tooele,UT,tooele
49047,Uintah,UT,uintah
49049,Utah,UT,utah
49051,Wasatch,UT,wasatch
49053,Washington,UT,washington
49055,Wayne,UT,wayne
49057,Weber,UT,weber
50001,Addison,VT,addison
50003,Bennington,VT,bennington
50005,Caledonia,VT,caledonia
50007,Chittenden,VT,chittenden
50009,Essex,VT,essex
50011,Franklin,VT,franklin
50013,Grand Isle,VT,grandisle
50015,Lamoille,VT,lamoille
50017,Orange,VT,orange
50019,Orleans,VT,orleans
50021,Rutland,VT,rutland
50023,Washington,VT,washington
50025,Windham,VT,windham
50027,Windsor,VT,windsor
51001,Accomack,VA,accomack
51003,Albemarle,VA,albemarle
51005,Alleghany,VA,alleghany
51007,Amelia,VA,amelia
51009,Amherst,VA,amherst
51011,Appomattox,VA,appomattox
51013,Arlington,VA,arlington
51015,Augusta,VA,augusta
51017,Bath,VA,bath
51019,Bedford,VA,bedford
51021,Bland,VA,bland
51023,Botetourt,VA,botetourt
51025,Brunswick,VA,brunswick
51027,Buchanan,VA,buchanan
51029,Buckingham,VA,buckingham
51031,Campbell,VA,campbell
51033,Caroline,VA,caroline
51035,Carroll,VA,carroll
51036,Charles City,VA,charles
51037,Charlotte,VA,charlotte
51041,Chesterfield,VA,chesterfield
51043,Clarke,VA,clarke
51045,Craig,VA,craig
51047,Culpeper,VA,culpeper
51049,Cumberland,VA,cumberland
51051,Dickenson,VA,dickenson
51053,Dinwiddie,VA,dinwiddie
51057,Essex,VA,essex
51059,Fairfax,VA,fairfax
51061,Fauquier,VA,fauquier
51063,Floyd,VA,floyd
51065,Fluvanna,VA,fluvanna
51067,Franklin,VA,franklin
51069,Frederick,VA,frederick
51071,Giles,VA,giles
51073,Gloucester,VA,gloucester
51075,Goochland,VA,goochland
51077,Grayson,VA,grayson
51079,Greene,VA,greene
51081,Greensville,VA,greensville
51083,Halifax,VA,halifax
51085,Hanover,VA,hanover
51087,Henrico,VA,henrico
51089,Henry,VA,henry
51091,Highland,VA,highland
51093,Isle of Wight,VA,isleofwight
51095,James City,VA,james
51097,King and Queen,VA,kingandqueen
51099,King George,VA,kinggeorge
51101,King William,VA,kingwilliam
51103,Lancaster,VA,lancaster
51105,Lee,VA,lee
51107,Loudoun,VA,loudoun
51109,Louisa,VA,louisa
51111,Lunenburg,VA,lunenburg
51113,Madison,VA,madison
51115,Mathews,VA,mathews
51117,Mecklenburg,VA,mecklenburg
51119,Middlesex,VA,middlesex
51121,Montgomery,VA,montgomery
51125,Nelson,VA,nelson
51127,New Kent,VA,newkent
51131,Northampton,VA,northampton
51133,Northumberland,VA,northumberland
51135,Nottoway,VA,nottoway
51137,Orange,VA,orange
51139,Page,VA,page
51141,Patrick,VA,patrick
51143,Pittsylvania,VA,pittsylvania
51145,Powhatan,VA,powhatan
51147,Prince Edward,VA,princeedward
51149,Prince George,VA,princegeorge
51153,Prince William,VA,princewilliam
51155,Pulaski,VA,pulaski
51157,Rappahannock,VA,rappahannock
51159,Richmond,VA,richmond
51161,Roanoke,VA,roanoke
51163,Rockbridge,VA,rockbridge
51165,Rockingham,VA,rockingham
51167,Russell,VA,russell
51169,Scott,VA,scott
51171,Shenandoah,VA,shenandoah
51173,Smyth,VA,smyth
51175,Southampton,VA,southampton
51177,Spotsylvania,VA,spotsylvania
51179,Stafford,VA,stafford
51181,Surry,VA,surry
51183,Sussex,VA,sussex
51185,Tazewell,VA,tazewell
51187,Warren,VA,warren
51191,Washington,VA,washington
51193,Westmoreland,VA,westmoreland
51195,Wise,VA,wise
51197,Wythe,VA,wythe
51199,York,VA,york
51510,Alexandria City,VA,alexandria
51515,Bedford City,VA,bedford
51520,Bristol City,VA,bristol
51530,Buena Vista City,VA,buenavista
51540,Charlottesville City,VA,charlottesville
51550,Chesapeake City,VA,chesapeake
51560,Clifton Forge City,VA,cliftonforge
51570,Colonial Heights Cit,VA,colonialheightscit
51580,Covington City,VA,covington
51590,Danville City,VA,danville
51595,Emporia City,VA,emporia
51600,Fairfax City,VA,fairfax
51610,Falls Church City,VA,fallschurch
51620,Franklin City,VA,franklin
51630,Fredericksburg City,VA,fredericksburg
51640,Galax City,VA,galax
51650,Hampton City,VA,hampton
51660,Harrisonburg City,VA,harrisonburg
51670,Hopewell City,VA,hopewell
51678,Lexington City,VA,lexington
51680,Lynchburg City,VA,lynchburg
51683,Manassas City,VA,manassas
51685,Manassas Park City,VA,manassaspark
51690,Martinsville City,VA,martinsville
51700,Newport News City,VA,newportnews
51710,Norfolk City,VA,norfolk
51720,Norton City,VA,norton
51730,Petersburg City,VA,petersburg
51735,Poquoson City,VA,poquoson
51740,Portsmouth City,VA,portsmouth
51750,Radford City,VA,radford
51760,Richmond City,VA,richmond
51770,Roanoke City,VA,roanoke
51775,Salem City,VA,salem
51780,South Boston City,VA,southboston
51790,Staunton City,VA,staunton
51800,Suffolk City,VA,suffolk
51810,Virginia Beach City,VA,virginiabeach
51820,Waynesboro City,VA,waynesboro
51830,Williamsburg City,VA,williamsburg
51840,Winchester City,VA,winchester
53001,Adams,WA,adams
53003,Asotin,WA,asotin
53005,Benton,WA,benton
53007,Chelan,WA,chelan
53009,Clallam,WA,clallam
53011,Clark,WA,clark
53013,Columbia,WA,columbia
53015,Cowlitz,WA,cowlitz
53017,Douglas,WA,douglas
53019,Ferry,WA,ferry
53021,Franklin,WA,franklin
53023,Garfield,WA,garfield
53025,Grant,WA,grant
53027,Grays Harbor,WA,graysharbor
53029,Island,WA,island
53031,Jefferson,WA,jefferson
53033,King,WA,king
53035,Kitsap,WA,kitsap
53037,Kittitas,WA,kittitas
53039,Klickitat,WA,klickitat
53041,Lewis,WA,lewis
53043,Lincoln,WA,lincoln
53045,Mason,WA,mason
53047,Okanogan,WA,okanogan
53049,Pacific,WA,pacific
53051,Pend Oreille,WA,pendoreille
53053,Pierce,WA,pierce
53055,San Juan,WA,sanjuan
53057,Skagit,WA,skagit
53059,Skamania,WA,skamania
53061,Snohomish,WA,snohomish
53063,Spokane,WA,spokane
53065,Stevens,WA,stevens
53067,Thurston,WA,thurston
53069,Wahkiakum,WA,wahkiakum
53071,Walla Walla,WA,wallawalla
53073,Whatcom,WA,whatcom
53075,Whitman,WA,whitman
53077,Yakima,WA,yakima
54001,Barbour,WV,barbour
54003,Berkeley,WV,berkeley
54005,Boone,WV,boone
54007,Braxton,WV,braxton
54009,Brooke,WV,brooke
54011,Cabell,WV,cabell
54013,Calhoun,WV,calhoun
54015,Clay,WV,clay
54017,Doddridge,WV,doddridge
54019,Fayette,WV,fayette
54021,Gilmer,WV,gilmer
54023,Grant,WV,grant
54025,Greenbrier,WV,greenbrier
54027,Hampshire,WV,hampshire
54029,Hancock,WV,hancock
54031,Hardy,WV,hardy
54033,Harrison,WV,harrison
54035,Jackson,WV,jackson
54037,Jefferson,WV,jefferson
54039,Kanawha,WV,kanawha
54041,Lewis,WV,lewis
54043,Lincoln,WV,lincoln
54045,Logan,WV,logan
54047,McDowell,WV,mcdowell
54049,Marion,WV,marion
54051,Marshall,WV,marshall
54053,Mason,WV,mason
54055,Mercer,WV,mercer
54057,Mineral,WV,mineral
54059,Mingo,WV,mingo
54061,Monongalia,WV,monongalia
54063,Monroe,WV,monroe
54065,Morgan,WV,morgan
54067,Nicholas,WV,nicholas
54069,Ohio,WV,ohio
54071,Pendleton,WV,pendleton
54073,Pleasants,WV,pleasants
54075,Pocahontas,WV,pocahontas
54077,Preston,WV,preston
54079,Putnam,WV,putnam
54081,Raleigh,WV,raleigh
54083,Randolph,WV,randolph
54085,Ritchie,WV,ritchie
54087,Roane,WV,roane
54089,Summers,WV,summers
54091,Taylor,WV,taylor
54093,Tucker,WV,tucker
54095,Tyler,WV,tyler
54097,Upshur,WV,upshur
54099,Wayne,WV,wayne
54101,Webster,WV,webster
54103,Wetzel,WV,wetzel
54105,Wirt,WV,wirt
54107,Wood,WV,wood
54109,Wyoming,WV,wyoming
55001,Adams,WI,adams
55003,Ashland,WI,ashland
55005,Barron,WI,barron
55007,Bayfield,WI,bayfield
55009,Brown,WI,brown
55011,Buffalo,WI,buffalo
55013,Burnett,WI,burnett
55015,Calumet,WI,calumet
55017,Chippewa,WI,chippewa
55019,Clark,WI,clark
55021,Columbia,WI,columbia
55023,Crawford,WI,crawford
55025,Dane,WI,dane
55027,Dodge,WI,dodge
55029,Door,WI,door
55031,Douglas,WI,douglas
55033,Dunn,WI,dunn
55035,Eau Claire,WI,eauclaire
55037,Florence,WI,florence
55039,Fond du Lac,WI,fonddulac
55041,Forest,WI,forest
55043,Grant,WI,grant
55045,Green,WI,green
55047,Green Lake,WI,greenlake
55049,Iowa,WI,iowa
55051,Iron,WI,iron
55053,Jackson,WI,jackson
55055,Jefferson,WI,jefferson
55057,Juneau,WI,juneau
55059,Kenosha,WI,kenosha
55061,Kewaunee,WI,kewaunee
55063,La Crosse,WI,lacrosse
55065,Lafayette,WI,lafayette
55067,Langlade,WI,langlade
55069,Lincoln,WI,lincoln
55071,Manitowoc,WI,manitowoc
55073,Marathon,WI,marathon
55075,Marinette,WI,marinette
55077,Marquette,WI,marquette
55078,Menominee,WI,menominee
55079,Milwaukee,WI,milwaukee
55081,Monroe,WI,monroe
55083,Oconto,WI,oconto
55085,Oneida,WI,oneida
55087,Outagamie,WI,outagamie
55089,Ozaukee,WI,ozaukee
55091,Pepin,WI,pepin
55093,Pierce,WI,pierce
55095,Polk,WI,polk
55097,Portage,WI,portage
55099,Price,WI,price
55101,Racine,WI,racine
55103,Richland,WI,richland
55105,Rock,WI,rock
55107,Rusk,WI,rusk
55109,St Croix,WI,stcroix
55111,Sauk,WI,sauk
55113,Sawyer,WI,sawyer
55115,Shawano,WI,shawano
55117,Sheboygan,WI,sheboygan
55119,Taylor,WI,taylor
55121,Trempealeau,WI,trempealeau
55123,Vernon,WI,vernon
55125,Vilas,WI,vilas
55127,Walworth,WI,walworth
55129,Washburn,WI,washburn
55131,Washington,WI,washington
55133,Waukesha,WI,waukesha
55135,Waupaca,WI,waupaca
55137,Waushara,WI,waushara
55139,Winnebago,WI,winnebago
55141,Wood,WI,wood
56001,Albany,WY,albany
56003,Big Horn,WY,bighorn
56005,Campbell,WY,campbell
56007,Carbon,WY,carbon
56009,Converse,WY,converse
56011,Crook,WY,crook
56013,Fremont,WY,fremont
56015,Goshen,WY,goshen
56017,Hot Springs,WY,hotsprings
56019,Johnson,WY,johnson
56021,Laramie,WY,laramie
56023,Lincoln,WY,lincoln
56025,Natrona,WY,natrona
56027,Niobrara,WY,niobrara
56029,Park,WY,park
56031,Platte,WY,platte
56033,Sheridan,WY,sheridan
56035,Sublette,WY,sublette
56037,Sweetwater,WY,sweetwater
56039,Teton,WY,teton
56041,Uinta,WY,uinta
56043,Washakie,WY,washakie
56045,Weston,WY,weston
60010,Unknown,AS,unknown
60020,Manua,AS,manua
60020,Ofu,AS,ofu
60020,Olosega,AS,olosega
60050,Tutuila,AS,tutuila
66010,Cocos Island,MP,cocosisland
66010,Guam,GU,guam
69100,Rota,MP,rota
69110,Saipan,MP,saipan
69120,Aguijan,MP,aguijan
69120,Tinian,MP,tinian
72001,Adjuntas,PR,adjuntas
72003,Aguada,PR,aguada
72005,Aguadilla,PR,aguadilla
72007,Aguas Buenas,PR,aguasbuenas
72009,Aibonito,PR,aibonito
72011,Anasco,PR,anasco
72013,Arecibo,PR,arecibo
72015,Arroyo,PR,arroyo
72017,Barceloneta,PR,barceloneta
72019,Barranquitas,PR,barranquitas
72021,Bayamon,PR,bayamon
72023,Cabo Rojo,PR,caborojo
72025,Caguas,PR,caguas
72027,Camuy,PR,camuy
72029,Canovanas,PR,canovanas
72031,Carolina,PR,carolina
72033,Catano,PR,catano
72035,Cayey,PR,cayey
72037,Ceiba,PR,ceiba
72041,Cidra,PR,cidra
72043,Coamo,PR,coamo
72045,Comerio,PR,comerio
72047,Corozal,PR,corozal
72049,Culebra,PR,culebra
72051,Dorado,PR,dorado
72053,Fajardo,PR,fajardo
72054,Florida,PR,florida
72055,Guanica,PR,guanica
72057,Guayama,PR,guayama
72059,Guayanilla,PR,guayanilla
72061,Guaynabo,PR,guaynabo
72063,Gurabo,PR,gurabo
72065,Hatillo,PR,hatillo
72067,Hormigueros,PR,hormigueros
72071,Isabela,PR,isabela
72073,Jayuya,PR,jayuya
72075,Juana Diaz,PR,juanadiaz
72077,Juncos,PR,juncos
72079,Lajas,PR,lajas
72081,Lares,PR,lares
72083,Las Marias,PR,lasmarias
72085,Las Piedras,PR,laspiedras
72087,Loiza,PR,loiza
72089,Luquillo,PR,luquillo
72091,Manati,PR,manati
72093,Maricao,PR,maricao
72095,Maunabo,PR,maunabo
72097,Mayaguez,PR,mayaguez
72099,Moca,PR,moca
72101,Morovis,PR,morovis
72103,Nabuabo,PR,nabuabo
72105,Naranjito,PR,naranjito
72107,Orocovis,PR,orocovis
72109,Patillas,PR,patillas
72111,Penuelas,PR,penuelas
72113,Ponce,PR,ponce
72115,Quebradillas,PR,quebradillas
72117,Rincon,PR,rincon
72119,Rio Grande,PR,riogrande
72121,Sabana Grande,PR,sabanagrande
72123,Salinas,PR,salinas
72125,San German,PR,sangerman
72127,San Juan,PR,sanjuan
72129,San Lorenzo,PR,sanlorenzo
72131,San Sabastian,PR,sansabastian
72133,Santa Isabel,PR,santaisabel
72135,Toa Alta,PR,toaalta
72137,Toa Baja,PR,toabaja
72139,Trujillo Alto,PR,trujilloalto
72141,Utuado,PR,utuado
72143,Vega Alta,PR,vegaalta
72145,Vega Baja,PR,vegabaja
72147,Vieques,PR,vieques
72149,Villalba,PR,villalba
72151,Yabucoa,PR,yabucoa
72153,Yauco,PR,yauco
78010,St. Croix,VI,stcroix
78020,St. John,VI,stjohn
78030,St. Thomas,VI,stthomas
